Date,Price,AHR999
2024/08/20 00:00:23,58542.5,0.6503074416404
2024/08/20 00:01:23,58518.3,0.6497699112186945
2024/08/20 00:02:23,58591.1,0.6513876162260291
2024/08/20 00:03:23,58600.1,0.6515877469218352
2024/08/20 00:04:24,58609.1,0.6517879083567455
2024/08/20 00:05:24,58600.6,0.6515988661951253
2024/08/20 00:06:24,58625.9,0.6521616252794261
2024/08/20 00:07:24,58628.1,0.6522105723317012
2024/08/20 00:08:25,58561.5,0.6507296254022368
2024/08/20 00:09:25,58499.8,0.6493591390931847
2024/08/20 00:10:25,58501,0.6493857798324368
2024/08/20 00:11:26,58538.9,0.6502274643654923
2024/08/20 00:12:26,58517.9,0.6497610282854518
2024/08/20 00:13:26,58475.7,0.6488242199413154
2024/08/20 00:14:26,58494.7,0.649245922047952
2024/08/20 00:15:27,58496.2,0.6492792201542659
2024/08/20 00:16:27,58530,0.6500297638786082
2024/08/20 00:17:27,58576.8,0.6510696940091263
2024/08/20 00:18:27,58593.1,0.6514320870575202
2024/08/20 00:19:28,58582.4,0.6511941857726433
2024/08/20 00:20:28,58546.1,0.6503874238335645
2024/08/20 00:21:28,58492.1,0.64918820735305
2024/08/20 00:22:28,58547,0.6504074201503333
2024/08/20 00:23:29,58566.5,0.6508407491619008
2024/08/20 00:24:29,58538.2,0.6502119137998447
2024/08/20 00:25:29,58541.8,0.6502918901184249
2024/08/20 00:26:29,58543.9,0.6503385452422081
2024/08/20 00:27:30,58581.2,0.6511675079643081
2024/08/20 00:28:30,58592.5,0.651418745648685
2024/08/20 00:29:30,58590.2,0.6513676048470992
2024/08/20 00:30:30,58587.4,0.6513053491895467
2024/08/20 00:31:31,58602.5,0.6516411202988766
2024/08/20 00:32:31,58590.1,0.6513653813795263
2024/08/20 00:33:31,58538.3,0.6502141352978381
2024/08/20 00:34:31,58489.4,0.649128275577478
2024/08/20 00:35:32,58433.9,0.6478969575387481
2024/08/20 00:36:32,58433.8,0.6478947400026839
2024/08/20 00:37:32,58405.9,0.6472761956715211
2024/08/20 00:38:32,58441.5,0.648065501383666
2024/08/20 00:39:33,58466,0.6486089827422762
2024/08/20 00:40:33,58450.2,0.6482584666405548
2024/08/20 00:41:33,58455.5,0.6483760342671238
2024/08/20 00:42:33,58450.1,0.6482562484859136
2024/08/20 00:43:33,58466.1,0.6486112015003148
2024/08/20 00:44:34,58461.9,0.6485180169301457
2024/08/20 00:45:34,58430.2,0.6478149112318045
2024/08/20 00:46:34,58437.5,0.6479767913645024
2024/08/20 00:47:34,58486.3,0.6490594684320007
2024/08/20 00:48:35,58486.9,0.6490727856594072
2024/08/20 00:49:35,58522.3,0.6498587438906795
2024/08/20 00:50:35,58570.1,0.6509207641434432
2024/08/20 00:51:35,58611.9,0.6518501870724214
2024/08/20 00:52:36,58638.1,0.6524330820821538
2024/08/20 00:53:36,58628.1,0.6522105723317012
2024/08/20 00:54:36,58661.9,0.6529628079287565
2024/08/20 00:55:36,58650.1,0.6527001438760522
2024/08/20 00:56:36,58704.2,0.6539048260027077
2024/08/20 00:57:37,58679.6,0.6533569030844998
2024/08/20 00:58:37,58671.1,0.6531676335104318
2024/08/20 00:59:37,58698,0.6537667099622866
2024/08/20 01:00:37,58700.8,0.6538290831418866
2024/08/20 01:01:38,58731.2,0.6545064691716722
2024/08/20 01:02:38,58731.5,0.6545131556498044
2024/08/20 01:03:38,58729.9,0.6544774948277748
2024/08/20 01:04:38,58717,0.6541900149424416
2024/08/20 01:05:39,58695.7,0.6537154770762111
2024/08/20 01:06:39,58708.3,0.653996168816671
2024/08/20 01:07:39,58725,0.6543682896037688
2024/08/20 01:08:39,58706.3,0.6539516105495053
2024/08/20 01:09:39,58711.4,0.6540652371306866
2024/08/20 01:10:40,58682.6,0.6534237106569323
2024/08/20 01:11:40,58665.7,0.6530474059058285
2024/08/20 01:12:40,58668,0.653098612606741
2024/08/20 01:13:40,58651.1,0.652722401492262
2024/08/20 01:14:41,58630.6,0.6522661962115477
2024/08/20 01:15:41,58609.7,0.6518012535453521
2024/08/20 01:16:41,58656.4,0.6528403731938449
2024/08/20 01:17:41,58676.2,0.65328119196465
2024/08/20 01:18:42,58667.9,0.6530963861866961
2024/08/20 01:19:42,58641.9,0.6525176457376878
2024/08/20 01:20:42,58710,0.6540340445372738
2024/08/20 01:21:42,58838.2,0.6568934793676799
2024/08/20 01:22:42,58845.2,0.6570497903317642
2024/08/20 01:23:43,58806.7,0.6561903101456514
2024/08/20 01:24:43,58811.5,0.6562974354233423
2024/08/20 01:25:43,58814.2,0.6563576972344312
2024/08/20 01:26:44,58811.5,0.6562974354233423
2024/08/20 01:27:44,58850,0.6571569857401521
2024/08/20 01:28:44,58862.3,0.6574317138837503
2024/08/20 01:29:44,58826.3,0.6566277934048601
2024/08/20 01:30:45,58850.2,0.6571614524052491
2024/08/20 01:31:45,58840,0.6569336718395502
2024/08/20 01:32:45,58927.3,0.6588844826633514
2024/08/20 01:33:45,59208,0.6651766214839383
2024/08/20 01:34:45,59246.5,0.6660419648885574
2024/08/20 01:35:46,59245.8,0.6660262263513894
2024/08/20 01:36:46,59102,0.6627970239280685
2024/08/20 01:37:46,59073.1,0.6621489866103165
2024/08/20 01:38:46,59179.7,0.6645408965967861
2024/08/20 01:39:46,59162.2,0.6641479325831581
2024/08/20 01:40:47,59112.4,0.6630303052223345
2024/08/20 01:41:47,59042,0.6614519718009862
2024/08/20 01:42:47,58979.8,0.660059043336737
2024/08/20 01:43:47,59051.2,0.6616581244467201
2024/08/20 01:44:48,59002.1,0.6605582684721386
2024/08/20 01:45:48,59033.2,0.6612548123697752
2024/08/20 01:46:48,59055.8,0.6617612128147623
2024/08/20 01:47:48,59099.8,0.6627476812217762
2024/08/20 01:48:48,59090,0.6625279042080588
2024/08/20 01:49:49,59075.9,0.6622117583660462
2024/08/20 01:50:49,58989,0.6602649788201862
2024/08/20 01:51:49,58898.5,0.6582405965193298
2024/08/20 01:52:49,58971.4,0.65987104333891
2024/08/20 01:53:49,58931.6,0.6589806454485688
2024/08/20 01:54:50,58990,0.6602873650472906
2024/08/20 01:55:50,59019.9,0.660956888547377
2024/08/20 01:56:50,59004.2,0.6606052904272852
2024/08/20 01:57:50,58964.1,0.659707684135385
2024/08/20 01:58:51,59008.9,0.6607105361055169
2024/08/20 01:59:51,59017.1,0.6608941762964813
2024/08/20 02:00:51,58984.4,0.6601620070634032
2024/08/20 02:01:51,58928,0.6589001365920834
2024/08/20 02:02:51,58970.2,0.6598441883822551
2024/08/20 02:03:52,58985.5,0.660186630013845
2024/08/20 02:04:52,58984,0.6601530533770912
2024/08/20 02:05:52,58950.6,0.6594056347798436
2024/08/20 02:06:52,58866.8,0.6575322385251039
2024/08/20 02:07:53,58885.3,0.6579455872326991
2024/08/20 02:08:53,58883.7,0.6579098330245114
2024/08/20 02:09:53,58829.8,0.6567059307565232
2024/08/20 02:10:53,58833.9,0.6567974689952907
2024/08/20 02:11:54,58807.5,0.6562081637514078
2024/08/20 02:12:54,58815.9,0.6563956412755398
2024/08/20 02:13:54,58795.5,0.6559403851671357
2024/08/20 02:14:54,58769.3,0.655355925165087
2024/08/20 02:15:54,58800,0.6560407957322576
2024/08/20 02:16:55,58751.8,0.6549656866853771
2024/08/20 02:17:55,58794.7,0.6559225352045324
2024/08/20 02:18:55,58817,0.656420193886562
2024/08/20 02:19:55,58832.7,0.6567706766553298
2024/08/20 02:20:56,58812.2,0.6563130585902002
2024/08/20 02:21:56,58787.4,0.6557596655155518
2024/08/20 02:22:56,58791.4,0.655848906676079
2024/08/20 02:23:56,58856.1,0.657293225854627
2024/08/20 02:24:57,58849.5,0.6571458191438212
2024/08/20 02:25:57,58852.8,0.6572195204328733
2024/08/20 02:26:57,58827.3,0.6566501178881092
2024/08/20 02:27:57,58843.6,0.6570140604719832
2024/08/20 02:28:58,58933.3,0.6590186652293126
2024/08/20 02:29:58,58961.4,0.659647268731238
2024/08/20 02:30:58,58942.5,0.6592244383647515
2024/08/20 02:31:58,59008.4,0.6606993393582989
2024/08/20 02:32:58,59036.7,0.6613332245328261
2024/08/20 02:33:59,59051.8,0.6616715703002012
2024/08/20 02:34:59,59062.9,0.6619203432321132
2024/08/20 02:35:59,59053.8,0.6617163907984915
2024/08/20 02:36:59,59018.2,0.6609188128973622
2024/08/20 02:37:59,59039.2,0.6613892360669328
2024/08/20 02:39:00,59079.9,0.6623014374639363
2024/08/20 02:40:00,59088.6,0.6624965104670552
2024/08/20 02:41:00,59146.1,0.6637865083364591
2024/08/20 02:42:00,59114.4,0.663075171715433
2024/08/20 02:43:01,59226,0.665581127604314
2024/08/20 02:44:01,59186.5,0.6646936225388252
2024/08/20 02:45:01,59140,0.6636495968951253
2024/08/20 02:46:01,59092.6,0.6625862088432972
2024/08/20 02:47:02,59062.3,0.6619068948511949
2024/08/20 02:48:02,59123.1,0.6632703586240105
2024/08/20 02:49:02,59091,0.6625503287641697
2024/08/20 02:50:02,59092.6,0.6625862088432972
2024/08/20 02:51:03,59104,0.6628418825276684
2024/08/20 02:52:03,59102.2,0.6628015097197193
2024/08/20 02:53:03,59032.9,0.6612480915435405
2024/08/20 02:54:03,59055.9,0.6617634539554228
2024/08/20 02:55:04,59088,0.6624830562343221
2024/08/20 02:56:04,59082.7,0.6623642164452529
2024/08/20 02:57:04,59016.4,0.660878498698639
2024/08/20 02:58:04,59039,0.6613847550569204
2024/08/20 02:59:04,59016.3,0.6608762590569842
2024/08/20 03:00:05,59021.2,0.6609860059609328
2024/08/20 03:01:05,59023.4,0.66103528304493
2024/08/20 03:02:05,58957.4,0.6595577695140326
2024/08/20 03:03:05,58972,0.6598844710221647
2024/08/20 03:04:06,58960.2,0.6596204183285245
2024/08/20 03:05:06,58960.5,0.6596271308779711
2024/08/20 03:06:06,59000,0.6605112481905655
2024/08/20 03:07:06,59066.1,0.6619920702376748
2024/08/20 03:08:06,59040.9,0.6614273252649231
2024/08/20 03:09:07,59057.7,0.6618037951362489
2024/08/20 03:10:07,59026,0.6610935219667943
2024/08/20 03:11:07,59064.9,0.6619651721551951
2024/08/20 03:12:07,59063.9,0.6619427575039066
2024/08/20 03:13:07,59037.7,0.6613556288618474
2024/08/20 03:14:08,59048.5,0.661597619796707
2024/08/20 03:15:08,59009.5,0.6607239723274118
2024/08/20 03:16:08,59020,0.66095912832565
2024/08/20 03:17:08,59031.9,0.6612256890360957
2024/08/20 03:18:08,58960,0.6596159433145349
2024/08/20 03:19:09,58877.2,0.6577645915439583
2024/08/20 03:20:09,58936.7,0.6590947080810224
2024/08/20 03:21:09,58950.3,0.6593989233574976
2024/08/20 03:22:09,58989.3,0.6602716946484706
2024/08/20 03:23:09,58952.7,0.6594526156925935
2024/08/20 03:24:10,58990.1,0.6602896036908732
2024/08/20 03:25:10,59020,0.66095912832565
2024/08/20 03:26:10,59098.1,0.6627095540249399
2024/08/20 03:27:10,59062.3,0.6619068948511949
2024/08/20 03:28:11,59082.7,0.6623642164452529
2024/08/20 03:29:11,59034.4,0.661281696016261
2024/08/20 03:30:11,58994.3,0.6603836301481862
2024/08/20 03:31:11,58940.1,0.6591707553196959
2024/08/20 03:32:11,58930.1,0.6589470994939951
2024/08/20 03:33:12,58930.6,0.6589582813839793
2024/08/20 03:34:12,58917.6,0.6586675830783696
2024/08/20 03:35:12,58906.6,0.6584216576823627
2024/08/20 03:36:12,58907.9,0.6584507192000834
2024/08/20 03:37:12,58927.3,0.6588844826633514
2024/08/20 03:38:13,58937.7,0.6591170744605322
2024/08/20 03:39:13,58949.7,0.6593855006152691
2024/08/20 03:40:13,58980.2,0.6600679963854972
2024/08/20 03:41:13,58964.6,0.6597188724767862
2024/08/20 03:42:13,58994.6,0.6603903465798677
2024/08/20 03:43:14,59000,0.6605112481905655
2024/08/20 03:44:14,59015.9,0.6608673005283144
2024/08/20 03:45:14,59025.5,0.6610823219748931
2024/08/20 03:46:14,58900,0.658274124485835
2024/08/20 03:47:15,58936.7,0.6590947080810224
2024/08/20 03:48:15,58960.4,0.6596248933576939
2024/08/20 03:49:15,58911.4,0.6585289649355512
2024/08/20 03:50:15,58904.4,0.6583724781134306
2024/08/20 03:51:16,58913.5,0.6585759146082633
2024/08/20 03:52:16,58930,0.6589448631273831
2024/08/20 03:53:16,58909.2,0.6584797813591504
2024/08/20 03:54:16,58940.7,0.6591841758760325
2024/08/20 03:55:16,59083.2,0.6623754272907143
2024/08/20 03:56:17,59024.7,0.6610644021851887
2024/08/20 03:57:17,59087.1,0.6624628751413817
2024/08/20 03:58:17,59086.7,0.6624539058654103
2024/08/20 03:59:17,59111.2,0.6630033860551061
2024/08/20 04:00:18,58963.9,0.6597032088253894
2024/08/20 04:01:18,58928,0.6589001365920834
2024/08/20 04:02:18,58968,0.6597949557143662
2024/08/20 04:03:18,58999.9,0.6605090091712827
2024/08/20 04:04:18,58980,0.6600635198535272
2024/08/20 04:05:19,58974.1,0.6599314689894251
2024/08/20 04:06:19,59012.4,0.6607889159925081
2024/08/20 04:07:19,59054.3,0.6617275961602486
2024/08/20 04:08:19,59020.7,0.6609748068798199
2024/08/20 04:09:19,59024.2,0.6610532024399595
2024/08/20 04:10:20,59049.4,0.661617787705987
2024/08/20 04:11:20,58986.8,0.6602157304563795
2024/08/20 04:12:20,58958.8,0.6595890935493735
2024/08/20 04:13:20,58958.9,0.6595913310089312
2024/08/20 04:14:21,58963.1,0.6596853077372041
2024/08/20 04:15:21,58990,0.6602873650472906
2024/08/20 04:16:21,59022.7,0.6610196037735141
2024/08/20 04:17:21,58984.2,0.6601575302126573
2024/08/20 04:18:21,59003.5,0.6605896162562838
2024/08/20 04:19:22,59046.6,0.6615550441087948
2024/08/20 04:20:22,59032.8,0.6612458512757187
2024/08/20 04:21:22,59071.3,0.6621086349098858
2024/08/20 04:22:22,59077.9,0.6622565971560009
2024/08/20 04:23:23,59077.9,0.6622565971560009
2024/08/20 04:24:23,59091.8,0.6625682686822951
2024/08/20 04:25:23,59112.5,0.6630325485109374
2024/08/20 04:26:23,59101.3,0.6627813237768314
2024/08/20 04:27:23,59103.1,0.6628216959699983
2024/08/20 04:28:24,59083.5,0.6623821538435307
2024/08/20 04:29:24,59092.2,0.6625772387324366
2024/08/20 04:30:24,59094.7,0.6626333029214905
2024/08/20 04:31:24,59129.9,0.6634229385059697
2024/08/20 04:32:24,59140.2,0.663654085570939
2024/08/20 04:33:25,59156,0.6640087389284075
2024/08/20 04:34:25,59204.9,0.6651069689523726
2024/08/20 04:35:25,59212.9,0.6652867248590338
2024/08/20 04:36:25,59205.7,0.6651249434500927
2024/08/20 04:37:26,59209.9,0.6652193135478225
2024/08/20 04:38:26,59195.9,0.6649047725887549
2024/08/20 04:39:26,59167.5,0.6642669322724942
2024/08/20 04:40:26,59125.3,0.6633197207832227
2024/08/20 04:41:26,59172.2,0.6643724692170216
2024/08/20 04:42:27,59168.8,0.664296122503573
2024/08/20 04:43:27,59221.2,0.6654732472831419
2024/08/20 04:44:27,59229.8,0.6656665390595256
2024/08/20 04:45:27,59244,0.665985756681107
2024/08/20 04:46:27,59241.4,0.6659273026614114
2024/08/20 04:47:28,59254.3,0.6662173497401209
2024/08/20 04:48:28,59310.1,0.667472699377234
2024/08/20 04:49:28,59239.3,0.665880091672158
2024/08/20 04:50:28,59197.9,0.6649497024575375
2024/08/20 04:51:28,59152.5,0.6639301683071713
2024/08/20 04:52:29,59169.4,0.6643095951342292
2024/08/20 04:53:29,59183.8,0.6646329792554515
2024/08/20 04:54:29,59198,0.6649519489908235
2024/08/20 04:55:29,59224.1,0.6655384239316743
2024/08/20 04:56:29,59134.1,0.6635171877876344
2024/08/20 04:57:30,59106.1,0.6628889856909747
2024/08/20 04:58:30,59087.3,0.6624673598021373
2024/08/20 04:59:30,59113.8,0.6630617116081154
2024/08/20 05:00:43,59042.6,0.660452081199176
2024/08/20 05:01:43,59034.6,0.6602731169023208
2024/08/20 05:02:44,59061.5,0.6608749806722651
2024/08/20 05:03:44,59077.1,0.661224142520504
2024/08/20 05:04:44,59099.7,0.6617301431189629
2024/08/20 05:05:44,59123.6,0.6622654604994329
2024/08/20 05:06:44,59100,0.6617368612426352
2024/08/20 05:07:45,59135,0.662520876411687
2024/08/20 05:08:45,59102,0.6617816496052845
2024/08/20 05:09:45,59110,0.6619608182124317
2024/08/20 05:10:45,59074.6,0.6611681808913941
2024/08/20 05:11:45,59025,0.660058391756728
2024/08/20 05:12:46,58980.1,0.6590545679674695
2024/08/20 05:13:46,59020,0.6599465695737501
2024/08/20 05:14:46,58988,0.6592311319196297
2024/08/20 05:15:47,59014.8,0.6598302845522458
2024/08/20 05:16:47,59049.5,0.6606064573832747
2024/08/20 05:17:47,59039.4,0.6603804925703765
2024/08/20 05:18:47,59049.7,0.6606109323243062
2024/08/20 05:19:47,59049.7,0.6606109323243062
2024/08/20 05:20:48,59071.2,0.6610920768763097
2024/08/20 05:21:48,59054,0.6607071472224765
2024/08/20 05:22:48,59044.9,0.6605035379227551
2024/08/20 05:23:48,59061.6,0.6608772185955829
2024/08/20 05:24:48,59056.1,0.6607541384399764
2024/08/20 05:25:49,59050.1,0.6606198822518391
2024/08/20 05:26:49,59050,0.6606176447642723
2024/08/20 05:27:49,59007,0.659655876230916
2024/08/20 05:28:49,59084.4,0.6613875640312495
2024/08/20 05:29:50,59048,0.6605728958086525
2024/08/20 05:30:50,59058.1,0.6607988935339988
2024/08/20 05:31:50,59053.3,0.6606914838546455
2024/08/20 05:32:50,59050,0.6606176447642723
2024/08/20 05:33:51,59057.4,0.6607832290786853
2024/08/20 05:34:51,59081.3,0.6613181633887251
2024/08/20 05:35:51,59113.9,0.6620481717011094
2024/08/20 05:36:51,59141.3,0.6626620484369002
2024/08/20 05:37:51,59169.9,0.6633031137193354
2024/08/20 05:38:52,59118.1,0.662142251134239
2024/08/20 05:39:52,59108.7,0.6619317016636008
2024/08/20 05:40:52,59173.8,0.6633905557260534
2024/08/20 05:41:52,59221.6,0.6644627490312256
2024/08/20 05:42:52,59199.9,0.6639758928849749
2024/08/20 05:43:53,59198,0.6639332734227152
2024/08/20 05:44:53,59209.6,0.6641934977731456
2024/08/20 05:45:53,59205.9,0.6641104896407874
2024/08/20 05:46:53,59174.1,0.663397282272978
2024/08/20 05:47:54,59201.6,0.6640140272475253
2024/08/20 05:48:54,59146.1,0.66276961816942
2024/08/20 05:49:54,59113.8,0.6620459317960729
2024/08/20 05:50:54,59119.2,0.6621668920903064
2024/08/20 05:51:55,59103.4,0.6618130023609538
2024/08/20 05:52:55,59151.9,0.6628996099106901
2024/08/20 05:53:55,59152.3,0.662908575328217
2024/08/20 05:54:55,59106.9,0.6618913874993123
2024/08/20 05:55:55,59037.3,0.6603335146413816
2024/08/20 05:56:56,59028.1,0.6601277262674364
2024/08/20 05:57:56,59018.8,0.6599197336593946
2024/08/20 05:58:56,58977.7,0.6590009329691746
2024/08/20 05:59:56,58960.7,0.6586210808807954
2024/08/20 06:00:57,59012.3,0.659774381938952
2024/08/20 06:01:57,58999.5,0.6594881976621214
2024/08/20 06:02:57,59013.9,0.659810159338642
2024/08/20 06:03:57,59032.7,0.6602306164455015
2024/08/20 06:04:57,59021.2,0.6599734060337414
2024/08/20 06:05:58,59059.4,0.6608279851578834
2024/08/20 06:06:58,59012,0.6597676737845003
2024/08/20 06:07:58,59040.7,0.6604095749828676
2024/08/20 06:08:58,59040.1,0.6603961522513768
2024/08/20 06:09:59,59076.3,0.6612062345415276
2024/08/20 06:10:59,59120.1,0.662187053213566
2024/08/20 06:11:59,59072.5,0.6611211749530953
2024/08/20 06:12:59,59082,0.6613338341832656
2024/08/20 06:14:00,59088.2,0.6614726407541613
2024/08/20 06:15:00,59104,0.6618264394835889
2024/08/20 06:16:00,59093.9,0.6616002660976189
2024/08/20 06:17:00,59057.4,0.6607832290786853
2024/08/20 06:18:01,59062.9,0.660906311943525
2024/08/20 06:19:01,59070.2,0.6610696941760715
2024/08/20 06:20:01,59114.8,0.6620683310169504
2024/08/20 06:21:01,59100.9,0.6617570158182651
2024/08/20 06:22:02,59102.7,0.6617973258902853
2024/08/20 06:23:02,59056.5,0.6607630893375285
2024/08/20 06:24:02,59053,0.660684771039555
2024/08/20 06:25:02,59043.1,0.6604632672729212
2024/08/20 06:26:03,59010.4,0.659731897536708
2024/08/20 06:27:03,59050,0.6606176447642723
2024/08/20 06:28:03,59075,0.6611771345929081
2024/08/20 06:29:03,59090.8,0.6615308542960845
2024/08/20 06:30:03,59071.4,0.6610965534618269
2024/08/20 06:31:04,59099.8,0.6617323824897314
2024/08/20 06:32:04,59095.5,0.6616360929682877
2024/08/20 06:33:04,59101.7,0.6617749312542641
2024/08/20 06:34:04,59109.9,0.6619585784551715
2024/08/20 06:35:05,59114.9,0.6620705709598783
2024/08/20 06:36:05,59114.9,0.6620705709598783
2024/08/20 06:37:05,59128.4,0.662372998039441
2024/08/20 06:38:05,59128.5,0.6623752384976916
2024/08/20 06:39:05,59157.9,0.6630340975393436
2024/08/20 06:40:06,59158.5,0.6630475470524582
2024/08/20 06:41:06,59165.2,0.6631977425485732
2024/08/20 06:42:06,59192.8,0.6638166376786473
2024/08/20 06:43:06,59205,0.6640902992578085
2024/08/20 06:44:07,59210,0.6642024719360018
2024/08/20 06:45:07,59179.1,0.6635093964089975
2024/08/20 06:46:07,59172.5,0.6633614077501164
2024/08/20 06:47:07,59183.2,0.6636013370691694
2024/08/20 06:48:07,59183.2,0.6636013370691694
2024/08/20 06:49:08,59194.9,0.663863739341926
2024/08/20 06:50:08,59195.9,0.6638861692927082
2024/08/20 06:51:08,59154.4,0.6629556447648813
2024/08/20 06:52:08,59128.1,0.6623662766874235
2024/08/20 06:53:09,59132.3,0.6624603787189691
2024/08/20 06:54:09,59110.4,0.6619697772793641
2024/08/20 06:55:09,59149.6,0.6628480599364378
2024/08/20 06:56:09,59147.2,0.6627942707960308
2024/08/20 06:57:10,59247.2,0.6650373340787374
2024/08/20 06:58:10,59249.2,0.6650822339935937
2024/08/20 06:59:10,59241,0.6648981539746706
2024/08/20 07:00:10,59234.6,0.6647544994676294
2024/08/20 07:01:10,59228,0.6646063720126429
2024/08/20 07:02:11,59200,0.6639781360524589
2024/08/20 07:03:11,59184,0.6636192774528495
2024/08/20 07:04:11,59151.7,0.6628951272246614
2024/08/20 07:05:11,59166.4,0.6632246450304957
2024/08/20 07:06:12,59174.3,0.6634017666565404
2024/08/20 07:07:12,59125.1,0.662299065042874
2024/08/20 07:08:12,59106.4,0.6618801893382187
2024/08/20 07:09:12,59090.1,0.6615151811674352
2024/08/20 07:10:12,59097.5,0.6616808779207133
2024/08/20 07:11:13,59118.1,0.662142251134239
2024/08/20 07:12:13,59109.5,0.6619496194640216
2024/08/20 07:13:13,59110.9,0.6619809761982853
2024/08/20 07:14:13,59136.8,0.662561209741433
2024/08/20 07:15:14,59116.1,0.662097450570567
2024/08/20 07:16:14,59146.3,0.6627741004310652
2024/08/20 07:17:14,59168.3,0.6632672417427742
2024/08/20 07:18:14,59230,0.6646512573772114
2024/08/20 07:19:15,59233.2,0.6647230771130831
2024/08/20 07:20:15,59234.3,0.6647477660434203
2024/08/20 07:21:15,59239.8,0.6648712175723894
2024/08/20 07:22:15,59197.6,0.6639243010786452
2024/08/20 07:23:15,59227,0.6645839298987294
2024/08/20 07:24:16,59270.9,0.6655694955055595
2024/08/20 07:25:16,59256,0.6652349050412044
2024/08/20 07:26:16,59260.4,0.665333701526093
2024/08/20 07:27:16,59299.9,0.666220953043125
2024/08/20 07:28:17,59384.5,0.6681232327152216
2024/08/20 07:29:17,59352.2,0.6673966285847748
2024/08/20 07:30:17,59351.7,0.6673853839499101
2024/08/20 07:31:17,59406.8,0.6686251126854205
2024/08/20 07:32:17,59391,0.6682695011416909
2024/08/20 07:33:18,59392,0.6682920053974589
2024/08/20 07:34:18,59437,0.6693050890827459
2024/08/20 07:35:18,59364.3,0.6676687776330945
2024/08/20 07:36:18,59380,0.6680219793365503
2024/08/20 07:37:19,59360.8,0.6675900511313418
2024/08/20 07:38:19,59361.4,0.6676035467734159
2024/08/20 07:39:19,59333.4,0.6669738954946064
2024/08/20 07:40:19,59308.6,0.6664164524443544
2024/08/20 07:41:20,59348.8,0.6673201669357399
2024/08/20 07:42:20,59350,0.6673471528999391
2024/08/20 07:43:20,59376,0.6679319827748207
2024/08/20 07:44:20,59364.4,0.6676710270299205
2024/08/20 07:45:20,59356.9,0.6675023327828286
2024/08/20 07:46:21,59370.8,0.667814996308189
2024/08/20 07:47:21,59361.1,0.6675967989353278
2024/08/20 07:48:21,59364.9,0.6676822740708875
2024/08/20 07:49:21,59434,0.6692375262988273
2024/08/20 07:50:22,59459,0.6698006536994283
2024/08/20 07:51:22,59492.5,0.6705556157043409
2024/08/20 07:52:22,59500,0.6707246953067126
2024/08/20 07:53:22,59540.9,0.671647117779562
2024/08/20 07:54:23,59573.7,0.6723873179926441
2024/08/20 07:55:23,59537.4,0.6715681570712229
2024/08/20 07:56:23,59523.6,0.6712568715092763
2024/08/20 07:57:23,59500,0.6707246953067126
2024/08/20 07:58:23,59464.1,0.6699155607726754
2024/08/20 07:59:24,59466.9,0.6699786511997541
2024/08/20 08:00:24,59460.1,0.6698254367443616
2024/08/20 08:01:24,59465,0.6699358395145508
2024/08/20 08:02:24,59437.5,0.6693163498782818
2024/08/20 08:03:25,59425.8,0.6690528720891694
2024/08/20 08:04:25,59466,0.6699583718099361
2024/08/20 08:05:25,59417.5,0.6688659919450246
2024/08/20 08:06:25,59415,0.6688097078603166
2024/08/20 08:07:26,59376.9,0.6679522314726253
2024/08/20 08:08:26,59376.2,0.6679364824589199
2024/08/20 08:09:26,59382.2,0.6680714800296933
2024/08/20 08:10:26,59387.6,0.6681929895063545
2024/08/20 08:11:26,59429,0.6691249292372382
2024/08/20 08:12:27,59405.3,0.668591348031976
2024/08/20 08:13:27,59387.1,0.6681817381647166
2024/08/20 08:14:27,59384,0.6681119819608999
2024/08/20 08:15:28,59382.5,0.6680782302663055
2024/08/20 08:16:28,59372.1,0.6678442419643005
2024/08/20 08:17:28,59453.9,0.6696857564817277
2024/08/20 08:18:28,59488.1,0.6704564322575778
2024/08/20 08:19:28,59471.1,0.670073292410404
2024/08/20 08:20:29,59450,0.6695979005534223
2024/08/20 08:21:29,59501.9,0.6707675321896801
2024/08/20 08:22:29,59523.3,0.6712501052332452
2024/08/20 08:23:29,59532,0.6714463410836539
2024/08/20 08:24:30,59630.3,0.6736655733611607
2024/08/20 08:25:30,59882,0.6793646721528931
2024/08/20 08:26:30,59923.8,0.680313449901273
2024/08/20 08:27:30,60026,0.68263597699694
2024/08/20 08:28:32,60086,0.6840013396340873
2024/08/20 08:29:32,60217.3,0.6869939669240539
2024/08/20 08:30:32,60287.5,0.6885966653994333
2024/08/20 08:31:32,60465.2,0.692661984527599
2024/08/20 08:32:32,60509.8,0.6936841962450363
2024/08/20 08:33:33,60523.3,0.6939937587061941
2024/08/20 08:34:33,60544.9,0.6944892022826694
2024/08/20 08:35:33,60524.5,0.6940212787114273
2024/08/20 08:36:33,60464.2,0.6926390736215984
2024/08/20 08:37:33,60421.9,0.6916702893050874
2024/08/20 08:38:34,60396,0.6910774439627032
2024/08/20 08:39:34,60376.6,0.6906335486989432
2024/08/20 08:40:34,60379.2,0.6906930315412905
2024/08/20 08:41:34,60367.9,0.6904345285827479
2024/08/20 08:42:35,60250.1,0.6877425736871998
2024/08/20 08:43:35,60292,0.6886994661671163
2024/08/20 08:44:35,60260,0.6879686052078632
2024/08/20 08:45:35,60235,0.6873978900594911
2024/08/20 08:46:35,60230,0.6872837754483476
2024/08/20 08:47:36,60296.8,0.6888091287766664
2024/08/20 08:48:36,60197.5,0.6865422613764794
2024/08/20 08:49:36,60218.9,0.687030474869447
2024/08/20 08:50:36,60266.2,0.6881101792131971
2024/08/20 08:51:36,60303.7,0.6889667840727479
2024/08/20 08:52:37,60320.1,0.6893415734036223
2024/08/20 08:53:37,60353.9,0.6901143265361959
2024/08/20 08:54:37,60409.7,0.691391002304243
2024/08/20 08:55:37,60403.7,0.6912536687302231
2024/08/20 08:56:38,60338.9,0.6897713353286298
2024/08/20 08:57:38,60332.5,0.6896250183614149
2024/08/20 08:58:38,60413.4,0.6914756981411625
2024/08/20 08:59:38,60464.1,0.6926367825518387
2024/08/20 09:00:39,60508.7,0.6936589756797674
2024/08/20 09:01:39,60584,0.6953864965561593
2024/08/20 09:02:39,60833.2,0.7011189246635439
2024/08/20 09:03:40,60743.1,0.6990436094083108
2024/08/20 09:04:40,60892.7,0.7024911022633494
2024/08/20 09:05:40,60791.1,0.7001488329051511
2024/08/20 09:06:41,60774.5,0.6997665110266598
2024/08/20 09:07:41,60669.9,0.6973598244066953
2024/08/20 09:08:41,60628.8,0.6964153105500743
2024/08/20 09:09:41,60628.1,0.6963992294828857
2024/08/20 09:10:42,60604.9,0.6958663620203963
2024/08/20 09:11:42,60560.8,0.6948540167679021
2024/08/20 09:12:42,60504.5,0.6935626831933238
2024/08/20 09:13:42,60535.9,0.6942827459747285
2024/08/20 09:14:43,60497.4,0.6933999182377941
2024/08/20 09:15:43,60486.7,0.6931546606563743
2024/08/20 09:16:43,60490,0.6932302962184997
2024/08/20 09:17:43,60495.6,0.6933586569179702
2024/08/20 09:18:43,60571.2,0.6950926893835183
2024/08/20 09:19:44,60624.7,0.6963211240832842
2024/08/20 09:20:44,60583,0.6953635406352056
2024/08/20 09:21:44,60598.5,0.6957193999904197
2024/08/20 09:22:44,60603.8,0.6958411018169607
2024/08/20 09:23:44,60538,0.6943309163680179
2024/08/20 09:24:45,60549.9,0.6946039134935065
2024/08/20 09:25:45,60616.3,0.696128176580881
2024/08/20 09:26:45,60628.1,0.6963992294828857
2024/08/20 09:27:45,60669.9,0.6973598244066953
2024/08/20 09:28:45,60640.8,0.6966910148608206
2024/08/20 09:29:46,60577.5,0.6952372898430437
2024/08/20 09:30:46,60596,0.6956619971628755
2024/08/20 09:31:46,60561.5,0.694870079984464
2024/08/20 09:32:46,60520.1,0.6939203746931247
2024/08/20 09:33:47,60526.8,0.6940740269132523
2024/08/20 09:34:47,60539.9,0.6943745005446759
2024/08/20 09:35:47,60522.1,0.6939662392465965
2024/08/20 09:36:47,60415.9,0.6915329279945814
2024/08/20 09:37:48,60445.1,0.6922015480513752
2024/08/20 09:38:48,60381.9,0.6907548048963944
2024/08/20 09:39:48,60477.1,0.6929346533925308
2024/08/20 09:40:48,60553.8,0.6946933948140075
2024/08/20 09:41:48,60605.9,0.695889326239561
2024/08/20 09:42:49,60619.9,0.6962108650938106
2024/08/20 09:43:49,60617.8,0.6961626295311458
2024/08/20 09:44:49,60628.4,0.6964061213460889
2024/08/20 09:45:49,60630,0.6964428785257879
2024/08/20 09:46:50,60577.9,0.6952464713323452
2024/08/20 09:47:50,60522,0.6939639459829261
2024/08/20 09:48:50,60505.2,0.6935787314768951
2024/08/20 09:49:50,60492,0.693276137961364
2024/08/20 09:50:50,60501.7,0.693498491915716
2024/08/20 09:51:51,60423.1,0.691697763204096
2024/08/20 09:52:51,60443.2,0.6921580321246613
2024/08/20 09:53:51,60433.9,0.6919450528487843
2024/08/20 09:54:51,60421.8,0.6916679998381328
2024/08/20 09:55:52,60466.9,0.6927009339374072
2024/08/20 09:56:52,60512.9,0.6937552748502496
2024/08/20 09:57:52,60454.1,0.6924076947110024
2024/08/20 09:58:52,60471.6,0.6928086232986803
2024/08/20 09:59:52,60450.1,0.6923160701842529
2024/08/20 10:00:53,60498.9,0.6934343036087923
2024/08/20 10:01:53,60470,0.6927719621508813
2024/08/20 10:02:53,60410.3,0.6914047364118943
2024/08/20 10:03:53,60411.9,0.6914413613658523
2024/08/20 10:04:54,60394.5,0.6910431170770418
2024/08/20 10:05:54,60419,0.6916038963017922
2024/08/20 10:06:54,60393.1,0.6910110794196195
2024/08/20 10:07:54,60379.5,0.6906998951110042
2024/08/20 10:08:54,60385.7,0.6908417498535326
2024/08/20 10:09:55,60359.6,0.6902446855490874
2024/08/20 10:10:55,60355.6,0.6901532042517339
2024/08/20 10:11:55,60370,0.6904825652952676
2024/08/20 10:12:55,60448.4,0.6922771315962215
2024/08/20 10:13:56,60462,0.6925886709621735
2024/08/20 10:14:56,60472,0.6928177887371957
2024/08/20 10:15:56,60522.1,0.6939662392465965
2024/08/20 10:16:56,60519.6,0.6939089087915778
2024/08/20 10:17:57,60536.7,0.6943010964037083
2024/08/20 10:18:57,60536.2,0.6942896273571774
2024/08/20 10:19:57,60523.2,0.6939914653970538
2024/08/20 10:20:57,60500.1,0.6934618125194311
2024/08/20 10:21:57,60461.7,0.6925817980143446
2024/08/20 10:22:58,60440.9,0.6921053567803717
2024/08/20 10:23:58,60423.8,0.691713789897162
2024/08/20 10:24:58,60366.1,0.6903933555877182
2024/08/20 10:25:58,60377.3,0.6906495630583669
2024/08/20 10:26:59,60404,0.6912605350849529
2024/08/20 10:27:59,60379.9,0.6907090465903372
2024/08/20 10:28:59,60358.7,0.6902241017285982
2024/08/20 10:29:59,60372.7,0.690544329238154
2024/08/20 10:31:00,60428.6,0.6918236922227046
2024/08/20 10:32:00,60403.6,0.6912513799528914
2024/08/20 10:33:00,60412,0.6914436504576823
2024/08/20 10:34:00,60404,0.6912605350849529
2024/08/20 10:35:01,60387.4,0.6908806480531481
2024/08/20 10:36:01,60400.9,0.6911895843972312
2024/08/20 10:37:01,60382,0.6907570928514832
2024/08/20 10:38:01,60409.9,0.6913955803249702
2024/08/20 10:39:02,60400.1,0.6911712751334408
2024/08/20 10:40:02,60401,0.6911918730722562
2024/08/20 10:41:02,60431.9,0.6918992551356973
2024/08/20 10:42:02,60427.7,0.6918030848716716
2024/08/20 10:43:02,60432.4,0.6919107044218764
2024/08/20 10:44:03,60400,0.691168986492518
2024/08/20 10:45:03,60420.1,0.6916290794796416
2024/08/20 10:46:03,60451.9,0.692357300471041
2024/08/20 10:47:03,60454.9,0.6924260203438668
2024/08/20 10:48:04,60473.1,0.6928429940057165
2024/08/20 10:49:04,60499.9,0.6934572276630999
2024/08/20 10:50:04,60459.8,0.6925382701366912
2024/08/20 10:51:04,60495.8,0.6933632414484356
2024/08/20 10:52:05,60471,0.6927948752545817
2024/08/20 10:53:05,60492.2,0.6932807222190114
2024/08/20 10:54:05,60515.3,0.6938103059486649
2024/08/20 10:55:05,60527.9,0.6940992550226937
2024/08/20 10:56:06,60504.2,0.6935558054143446
2024/08/20 10:57:06,60506,0.6935970725997533
2024/08/20 10:58:06,60492.2,0.6932807222190114
2024/08/20 10:59:06,60517.6,0.6938630461326748
2024/08/20 11:00:06,60532.9,0.6942139340258624
2024/08/20 11:01:07,60569.4,0.6950513777287924
2024/08/20 11:02:07,60592,0.6955701575646834
2024/08/20 11:03:07,60554.2,0.6947025727112067
2024/08/20 11:04:08,60559,0.6948127122064414
2024/08/20 11:05:08,60576.5,0.6952143363850293
2024/08/20 11:06:08,60512.3,0.6937415174166681
2024/08/20 11:07:08,60475.9,0.6929071549399115
2024/08/20 11:08:08,60492.7,0.6932921829294398
2024/08/20 11:09:09,60485.9,0.6931363253839443
2024/08/20 11:10:09,60507.7,0.6936360482910189
2024/08/20 11:11:09,60598,0.6957079192354539
2024/08/20 11:12:09,60578,0.6952487667141435
2024/08/20 11:13:10,60582.2,0.6953451761712605
2024/08/20 11:14:10,60550.2,0.694610796467393
2024/08/20 11:15:10,60498.2,0.6934182569962305
2024/08/20 11:16:10,60492,0.693276137961364
2024/08/20 11:17:10,60509.9,0.6936864890464319
2024/08/20 11:18:11,60510,0.6936887818516166
2024/08/20 11:19:11,60508.5,0.6936543901717047
2024/08/20 11:20:11,60498,0.6934136722838866
2024/08/20 11:21:11,60449.1,0.6922931649998498
2024/08/20 11:22:12,60443.9,0.6921740641490437
2024/08/20 11:23:12,60429.5,0.6918442998806575
2024/08/20 11:24:12,60439.9,0.6920824550819751
2024/08/20 11:25:12,60433.5,0.6919358931849144
2024/08/20 11:26:13,60448.8,0.6922862935184172
2024/08/20 11:27:13,60460.9,0.6925634703201896
2024/08/20 11:28:13,60485.9,0.6931363253839443
2024/08/20 11:29:13,60555.5,0.694732401295804
2024/08/20 11:30:14,60534,0.6942391646778151
2024/08/20 11:31:14,60516.2,0.6938309431732573
2024/08/20 11:32:14,60529.4,0.6941336577289957
2024/08/20 11:33:14,60564.2,0.6949320398447031
2024/08/20 11:34:15,60548.5,0.6945717933996093
2024/08/20 11:35:15,60568.1,0.6950215422972237
2024/08/20 11:36:15,60561.4,0.6948677852278735
2024/08/20 11:37:15,60561.3,0.6948654904750721
2024/08/20 11:38:15,60545.7,0.6945075554398281
2024/08/20 11:39:16,60569.1,0.6950444925723626
2024/08/20 11:40:16,60611,0.6960064496513045
2024/08/20 11:41:16,60617.4,0.6961534419943809
2024/08/20 11:42:16,60606.7,0.6959076978877107
2024/08/20 11:43:17,60580.9,0.6953153344345672
2024/08/20 11:44:17,60581.5,0.6953291074642383
2024/08/20 11:45:17,60593.2,0.6955977088075659
2024/08/20 11:46:17,60601,0.6957768051861747
2024/08/20 11:47:17,60575.8,0.6951982691898729
2024/08/20 11:48:18,60596.3,0.6956688853771392
2024/08/20 11:49:18,60580.2,0.6952992660723564
2024/08/20 11:50:18,60571.6,0.6951018699179573
2024/08/20 11:51:18,60567.1,0.6949985924009985
2024/08/20 11:52:20,60588.1,0.6954806197936125
2024/08/20 11:53:21,60584,0.6953864965561593
2024/08/20 11:54:21,60597,0.6956849580097079
2024/08/20 11:55:21,60576.1,0.6952051551079194
2024/08/20 11:56:21,60595,0.6956390366949569
2024/08/20 11:57:21,60605.8,0.6958870298005935
2024/08/20 11:58:22,60589.7,0.695517352540953
2024/08/20 11:59:22,60584.6,0.69540027029061
2024/08/20 12:00:22,60645.3,0.6967944180445234
2024/08/20 12:01:22,60598.6,0.6957216961527802
2024/08/20 12:02:23,60618,0.6961672233222631
2024/08/20 12:03:23,60676.8,0.6975184551745365
2024/08/20 12:04:23,60672.8,0.6974264931114216
2024/08/20 12:05:23,60682.8,0.6976564096366211
2024/08/20 12:06:24,60624.4,0.6963142326406753
2024/08/20 12:07:24,60673.4,0.6974402870343968
2024/08/20 12:08:24,60736.1,0.6988825039225844
2024/08/20 12:09:24,60754,0.6992945106295866
2024/08/20 12:10:24,60783.8,0.6999806905421417
2024/08/20 12:11:25,60789.9,0.700121191677832
2024/08/20 12:12:25,60787.9,0.7000751241781576
2024/08/20 12:13:25,60894.2,0.7025257123112535
2024/08/20 12:14:25,60906,0.7027980077547936
2024/08/20 12:15:25,60921.2,0.7031488389605901
2024/08/20 12:16:26,60974.3,0.7043751271897656
2024/08/20 12:17:26,60820,0.7008146906030563
2024/08/20 12:18:26,60918.6,0.7030888221529915
2024/08/20 12:19:26,60877.8,0.7021473554165176
2024/08/20 12:20:27,60854.5,0.7016099870289865
2024/08/20 12:21:27,60821.9,0.7008584778016997
2024/08/20 12:22:27,60783.9,0.699982993725774
2024/08/20 12:23:27,60830.5,0.701056689598251
2024/08/20 12:24:27,60847.5,0.7014485860663208
2024/08/20 12:25:28,60802.3,0.7004068440052323
2024/08/20 12:26:28,60802.7,0.7004160595664578
2024/08/20 12:27:28,60770,0.699662887542505
2024/08/20 12:28:28,60814.7,0.70069255459441
2024/08/20 12:29:29,60801,0.7003768938499486
2024/08/20 12:30:29,60788.7,0.7000935509961487
2024/08/20 12:31:29,60807.5,0.7005266510300092
2024/08/20 12:32:29,60775.3,0.6997849337826958
2024/08/20 12:33:30,60797.4,0.700293958300413
2024/08/20 12:34:30,60778.9,0.6998678391858535
2024/08/20 12:35:30,60782.9,0.6999599620599624
2024/08/20 12:36:30,60798,0.70030778055098
2024/08/20 12:37:30,60792,0.7001695641837138
2024/08/20 12:38:31,60817.7,0.7007616868769575
2024/08/20 12:39:31,60817.7,0.7007616868769575
2024/08/20 12:40:31,60834.3,0.7011442804820744
2024/08/20 12:41:31,60857.4,0.7016768585813977
2024/08/20 12:42:32,60886.1,0.7023388281809362
2024/08/20 12:43:32,60842.3,0.7013287002274845
2024/08/20 12:44:32,60839.9,0.7012733717575611
2024/08/20 12:45:32,60853.3,0.7015823169739096
2024/08/20 12:46:33,60900,0.7026595458514199
2024/08/20 12:47:33,60835.2,0.7011650264928035
2024/08/20 12:48:33,60872.6,0.7020274098760314
2024/08/20 12:49:33,60896.8,0.7025857050805642
2024/08/20 12:50:33,60937.8,0.7035320835774148
2024/08/20 12:51:34,60900.9,0.7026803142673189
2024/08/20 12:52:34,60878,0.7021519689111497
2024/08/20 12:53:34,60891.4,0.7024611075781225
2024/08/20 12:54:34,60883.7,0.7022834598795997
2024/08/20 12:55:35,60878.1,0.7021542756641496
2024/08/20 12:56:35,60885,0.7023134507719003
2024/08/20 12:57:35,60902.1,0.7027080059659488
2024/08/20 12:58:35,60901.4,0.7026918524087715
2024/08/20 12:59:36,60890.6,0.7024426496285777
2024/08/20 13:00:36,60869.7,0.7019605216211022
2024/08/20 13:01:36,60946.7,0.7037376010981303
2024/08/20 13:02:36,60934.2,0.7034489614204373
2024/08/20 13:03:37,60899.9,0.702657238268599
2024/08/20 13:04:37,60930,0.7033519917772377
2024/08/20 13:05:37,60934.1,0.7034466525417314
2024/08/20 13:06:37,60941.6,0.7036198289595293
2024/08/20 13:07:38,60933.8,0.7034397259283488
2024/08/20 13:08:38,60917.9,0.7030726642193603
2024/08/20 13:09:38,60899.9,0.702657238268599
2024/08/20 13:10:38,60907.9,0.7028418568679431
2024/08/20 13:11:38,60907.9,0.7028418568679431
2024/08/20 13:12:39,60925.9,0.7032573373822839
2024/08/20 13:13:39,60939.9,0.7035805737701171
2024/08/20 13:14:39,60940.8,0.7036013557928087
2024/08/20 13:15:39,60979.9,0.7045045155336292
2024/08/20 13:16:40,60954.6,0.703920051907302
2024/08/20 13:17:40,61012.4,0.7052556646242404
2024/08/20 13:18:40,61077.4,0.7067591634883965
2024/08/20 13:19:40,61390.7,0.7140284827055844
2024/08/20 13:20:41,61290,0.711687942632047
2024/08/20 13:21:41,61235.4,0.7104204975893538
2024/08/20 13:22:41,61280,0.7114557253425796
2024/08/20 13:23:41,61290,0.711687942632047
2024/08/20 13:24:41,61333.3,0.7126938807410647
2024/08/20 13:25:42,61320.6,0.7123987629114586
2024/08/20 13:26:42,61234,0.7103880138519343
2024/08/20 13:27:42,61221.2,0.7100910541169234
2024/08/20 13:28:42,61194.8,0.709478770728593
2024/08/20 13:29:43,61141.4,0.7082410957567414
2024/08/20 13:30:43,61164,0.7087647738864147
2024/08/20 13:31:43,61216.1,0.7099727515180231
2024/08/20 13:32:43,61229,0.7102720065666277
2024/08/20 13:33:44,61160.2,0.7086767082767148
2024/08/20 13:34:44,61160,0.7086720733961909
2024/08/20 13:35:44,61124.9,0.7078588866069845
2024/08/20 13:36:44,61060.4,0.7063657861117318
2024/08/20 13:37:44,61059.2,0.7063380224346465
2024/08/20 13:38:45,61100,0.707282293557227
2024/08/20 13:39:45,61075.9,0.706724449314995
2024/08/20 13:40:45,61058,0.706310259303197
2024/08/20 13:41:45,61089.9,0.7070484814216955
2024/08/20 13:42:46,61043.9,0.7059840833801968
2024/08/20 13:43:46,61089.7,0.7070438518686988
2024/08/20 13:44:46,61077.8,0.7067684207452909
2024/08/20 13:45:46,61055.2,0.7062454807850651
2024/08/20 13:46:47,61070.3,0.7065948572671013
2024/08/20 13:47:47,61063.5,0.7064375114696622
2024/08/20 13:48:47,61064.3,0.7064560218305563
2024/08/20 13:49:47,61043,0.7059632661980986
2024/08/20 13:50:47,61023.9,0.7055215517060961
2024/08/20 13:51:48,61041.8,0.7059355104327324
2024/08/20 13:52:48,61038.7,0.7058638105643296
2024/08/20 13:53:48,61020.4,0.7054406242459563
2024/08/20 13:54:48,61028,0.7056163583485932
2024/08/20 13:55:49,61054,0.7062177194724016
2024/08/20 13:56:49,61072.7,0.7066503952611697
2024/08/20 13:57:49,61097.9,0.7072336759699341
2024/08/20 13:58:49,61139.1,0.7081878119300229
2024/08/20 13:59:49,61136.8,0.7081345301077583
2024/08/20 14:00:50,61096.4,0.707198950144935
2024/08/20 14:01:50,61070.9,0.706608741561005
2024/08/20 14:02:50,61050,0.7061251857042263
2024/08/20 14:03:50,60997.8,0.704918175827799
2024/08/20 14:04:51,61004.9,0.7050822870032434
2024/08/20 14:05:51,60995.4,0.7048627059472655
2024/08/20 14:06:51,60995.4,0.7048627059472655
2024/08/20 14:07:51,61020.2,0.7054359999598605
2024/08/20 14:08:51,61028.7,0.7056325454851066
2024/08/20 14:09:52,60970.1,0.7042780937299126
2024/08/20 14:10:52,60964.4,0.7041464161540207
2024/08/20 14:11:52,61009.9,0.7051978697156972
2024/08/20 14:12:52,60997.7,0.7049158645392015
2024/08/20 14:13:53,61009.3,0.7051839992900366
2024/08/20 14:14:53,61013.6,0.7052834070215297
2024/08/20 14:15:53,61020.9,0.7054521850275053
2024/08/20 14:16:53,61042.8,0.705958640199313
2024/08/20 14:17:54,60960,0.7040447787254271
2024/08/20 14:18:54,60969.4,0.7042619221364408
2024/08/20 14:19:54,60988.2,0.7046963094009239
2024/08/20 14:20:54,60959.3,0.7040286098108757
2024/08/20 14:21:55,60961.4,0.7040771171115336
2024/08/20 14:22:55,60950.1,0.7038161213325014
2024/08/20 14:23:55,60980,0.7045068261477601
2024/08/20 14:24:55,61025.7,0.705563173350158
2024/08/20 14:25:56,61019.9,0.7054290635591358
2024/08/20 14:26:56,61026.3,0.7055770475043298
2024/08/20 14:27:56,61058.7,0.7063264543968993
2024/08/20 14:28:56,61062.5,0.7064143738595672
2024/08/20 14:29:56,61068,0.7065416354041476
2024/08/20 14:30:57,61085.9,0.7069558932415062
2024/08/20 14:31:57,61090.3,0.7070577405731586
2024/08/20 14:32:57,61099.9,0.7072799783961312
2024/08/20 14:33:57,61072,0.7066341964541129
2024/08/20 14:34:58,61050.3,0.7061321255265425
2024/08/20 14:35:58,60999,0.7049459115865193
2024/08/20 14:36:58,60991.2,0.7047656389080763
2024/08/20 14:37:58,60999.8,0.7049644023954641
2024/08/20 14:38:59,61012.3,0.7052533527824292
2024/08/20 14:39:59,60999.7,0.7049620910310839
2024/08/20 14:40:59,60994,0.7048303495248648
2024/08/20 14:41:59,61029.4,0.7056487328072882
2024/08/20 14:42:59,61029.7,0.7056556702879171
2024/08/20 14:44:00,60992.6,0.7047979938451351
2024/08/20 14:45:00,60992.6,0.7047979938451351
2024/08/20 14:46:00,60973.1,0.7043474026620485
2024/08/20 14:47:00,61005.1,0.7050869101298629
2024/08/20 14:48:01,61002.3,0.7050221877364352
2024/08/20 14:49:01,61001.2,0.7049967618946442
2024/08/20 14:50:01,61039.3,0.7058776876740288
2024/08/20 14:51:01,61030.5,0.7056741704029834
2024/08/20 14:52:02,61005.7,0.7051007796006609
2024/08/20 14:53:02,61010,0.7052001814665692
2024/08/20 14:54:02,61012.8,0.7052649120293774
2024/08/20 14:55:02,61005,0.7050845985646585
2024/08/20 14:56:03,60990,0.7047379066959886
2024/08/20 14:57:03,60969.5,0.7042642323527123
2024/08/20 14:58:03,60958,0.7039985823192962
2024/08/20 14:59:03,60941.3,0.7036129014935906
2024/08/20 15:00:03,60978.7,0.7044767884596118
2024/08/20 15:01:04,60996.4,0.7048858181322482
2024/08/20 15:02:04,60966.2,0.7041879972164202
2024/08/20 15:03:04,60960.9,0.7040655676026686
2024/08/20 15:04:04,60941.9,0.7036267564595703
2024/08/20 15:05:05,60920.1,0.7031234469216946
2024/08/20 15:06:05,60897.9,0.7026110874079005
2024/08/20 15:07:05,60885,0.7023134507719003
2024/08/20 15:08:05,60887.7,0.702375741594351
2024/08/20 15:09:06,60895.6,0.7025580157918255
2024/08/20 15:10:06,60890,0.7024288063255633
2024/08/20 15:11:06,60874.9,0.7020804614475692
2024/08/20 15:12:06,60892,0.7024749511994245
2024/08/20 15:13:07,60845.9,0.701411697024638
2024/08/20 15:14:07,60837.9,0.7012272663665122
2024/08/20 15:15:07,60842.6,0.7013356164396849
2024/08/20 15:16:07,60873.3,0.7020435557943078
2024/08/20 15:17:08,60880.7,0.7022142525721305
2024/08/20 15:18:08,60849.9,0.7015039214476307
2024/08/20 15:19:08,60838,0.7012295716000676
2024/08/20 15:20:08,60839.9,0.7012733717575611
2024/08/20 15:21:09,60885.9,0.7023342140724639
2024/08/20 15:22:09,60893.7,0.7025141755338904
2024/08/20 15:23:09,60852.4,0.7015615647906756
2024/08/20 15:24:09,60842,0.7013217840493862
2024/08/20 15:25:10,60836.8,0.7012019090474831
2024/08/20 15:26:10,60875.4,0.7020919946631431
2024/08/20 15:27:10,60896.3,0.7025741678106132
2024/08/20 15:28:10,60907,0.7028210860648874
2024/08/20 15:29:11,60913.9,0.7029803367318285
2024/08/20 15:30:11,60916.1,0.7030311160997217
2024/08/20 15:31:11,60910,0.7028903232686512
2024/08/20 15:32:11,60950,0.7038138118513227
2024/08/20 15:33:11,60900,0.7026595458514199
2024/08/20 15:34:12,60881,0.7022211731494175
2024/08/20 15:35:12,60893.1,0.7025003315260963
2024/08/20 15:36:12,60884,0.7022903807979091
2024/08/20 15:37:12,60857.2,0.7016722466478901
2024/08/20 15:38:13,60962,0.7040909766472131
2024/08/20 15:39:13,60936.7,0.7035066846195541
2024/08/20 15:40:13,60904,0.7027518522713474
2024/08/20 15:41:13,60906.2,0.7028026233864993
2024/08/20 15:42:14,60927.7,0.7032988921859609
2024/08/20 15:43:14,60917.9,0.7030726642193603
2024/08/20 15:44:14,60906.9,0.7028187782168269
2024/08/20 15:45:14,60873.8,0.7020550887067507
2024/08/20 15:46:15,60860.4,0.7017460394027959
2024/08/20 15:47:15,60851,0.7015292842268069
2024/08/20 15:48:15,60840.1,0.7012779823800269
2024/08/20 15:49:15,60852.1,0.7015546474644686
2024/08/20 15:50:16,60868,0.7019213127463173
2024/08/20 15:51:16,60872.2,0.7020181837203775
2024/08/20 15:52:16,60870.9,0.7019881991332018
2024/08/20 15:53:16,60863,0.7018059988731665
2024/08/20 15:54:16,60863.6,0.7018198360377784
2024/08/20 15:55:17,60851,0.7015292842268069
2024/08/20 15:56:17,60858.9,0.701711448565819
2024/08/20 15:57:17,60920.4,0.703130371977742
2024/08/20 15:58:17,60925.7,0.703252720257658
2024/08/20 15:59:18,60913.1,0.7029618719618365
2024/08/20 16:00:18,60940.9,0.7036036649253868
2024/08/20 16:01:18,60922.2,0.7031719230301728
2024/08/20 16:02:18,60914.9,0.7030034180353407
2024/08/20 16:03:18,60910.7,0.7029064791068892
2024/08/20 16:04:19,60895.6,0.7025580157918255
2024/08/20 16:05:19,60933.1,0.7034235639630751
2024/08/20 16:06:19,60878,0.7021519689111497
2024/08/20 16:07:19,60855.7,0.701637657629699
2024/08/20 16:08:20,60847.3,0.7014439748830625
2024/08/20 16:09:20,60842.2,0.7013263948309958
2024/08/20 16:10:20,60860.8,0.7017552637699772
2024/08/20 16:11:20,60840.9,0.7012964250214562
2024/08/20 16:12:20,60840.5,0.7012872036704284
2024/08/20 16:13:21,60822.5,0.7008723056222986
2024/08/20 16:14:21,60800,0.700353855704712
2024/08/20 16:15:21,60843.7,0.7013609761761835
2024/08/20 16:16:22,60790.1,0.7001257985111605
2024/08/20 16:17:22,60794.9,0.7002363670580085
2024/08/20 16:18:22,60770.1,0.6996651902032364
2024/08/20 16:19:22,60794.6,0.7002294562680637
2024/08/20 16:20:22,60815.5,0.7007109895363121
2024/08/20 16:21:23,60773.2,0.6997365745653189
2024/08/20 16:22:23,60763.4,0.6995109203120219
2024/08/20 16:23:23,60749.9,0.6992001296587923
2024/08/20 16:24:23,60753.2,0.6992760943302411
2024/08/20 16:25:24,60760.1,0.6994349428863362
2024/08/20 16:26:24,60748.2,0.6991609979535807
2024/08/20 16:27:24,60725.9,0.6986477834531256
2024/08/20 16:28:24,60731.1,0.6987674399430494
2024/08/20 16:29:25,60723.1,0.6985833572793082
2024/08/20 16:30:25,60726.8,0.6986684924970298
2024/08/20 16:31:25,60759.7,0.6994257337818006
2024/08/20 16:32:25,60775.9,0.6997987510088662
2024/08/20 16:33:26,60740.1,0.6989745619266599
2024/08/20 16:34:26,60718.1,0.6984683179291666
2024/08/20 16:35:26,60701.9,0.6980956555017769
2024/08/20 16:36:26,60739.9,0.6989699588824689
2024/08/20 16:37:26,60740.3,0.6989791649860075
2024/08/20 16:38:27,60774.1,0.6997572997395812
2024/08/20 16:39:27,60804.6,0.7004598343102062
2024/08/20 16:40:27,60788,0.7000774275171445
2024/08/20 16:41:27,60762.1,0.6994809893184062
2024/08/20 16:42:28,60739.2,0.6989538483471581
2024/08/20 16:43:28,60816.7,0.7007386424038612
2024/08/20 16:44:28,60822,0.7008607824289933
2024/08/20 16:45:28,60814.5,0.7006879458968261
2024/08/20 16:46:29,60858,0.7016906944728595
2024/08/20 16:47:29,60804.5,0.7004575303422226
2024/08/20 16:48:29,60809.8,0.7005796458667918
2024/08/20 16:49:29,60819.9,0.7008123860515455
2024/08/20 16:50:29,60825.9,0.7009506658489729
2024/08/20 16:51:30,60837.7,0.7012226559107682
2024/08/20 16:52:30,60820.7,0.7008308225697286
2024/08/20 16:53:30,60820.6,0.7008285179916937
2024/08/20 16:54:30,60780.1,0.6998954754115111
2024/08/20 16:55:31,60780.1,0.6998954754115111
2024/08/20 16:56:31,60732.6,0.6988019581422613
2024/08/20 16:57:31,60750.8,0.6992208468872333
2024/08/20 16:58:31,60750.8,0.6992208468872333
2024/08/20 16:59:31,60760,0.6994326406045187
2024/08/20 17:00:32,60775.8,0.6997964481283651
2024/08/20 17:01:32,60850.6,0.7015200613449676
2024/08/20 17:02:32,60810.4,0.7005934709364768
2024/08/20 17:03:32,60844.7,0.7013840308799508
2024/08/20 17:04:33,60874.4,0.7020689283267237
2024/08/20 17:05:33,60890.6,0.7024426496285777
2024/08/20 17:06:33,60868.7,0.7019374574444912
2024/08/20 17:07:34,60885.4,0.7023226788675927
2024/08/20 17:08:34,60868.6,0.7019351510476703
2024/08/20 17:09:34,60863.5,0.7018175298342036
2024/08/20 17:10:34,60873.9,0.7020573953006067
2024/08/20 17:11:35,60899.8,0.7026549306895673
2024/08/20 17:12:35,60900,0.7026595458514199
2024/08/20 17:13:35,60943.5,0.7036637037024045
2024/08/20 17:14:35,60927.4,0.7032919663000925
2024/08/20 17:15:36,60959.9,0.7040424688691239
2024/08/20 17:16:36,60950,0.7038138118513227
2024/08/20 17:17:36,60902.9,0.7027264674015
2024/08/20 17:18:36,60923.9,0.7032111668180706
2024/08/20 17:19:36,60894.7,0.702537249183345
2024/08/20 17:20:37,60923.9,0.7032111668180706
2024/08/20 17:21:37,60947.2,0.7037491479167077
2024/08/20 17:22:37,60973.8,0.7043635752369068
2024/08/20 17:23:37,60980,0.7045068261477601
2024/08/20 17:24:38,60955.6,0.7039431486326038
2024/08/20 17:25:38,60950.9,0.7038345973183403
2024/08/20 17:26:38,60954.8,0.7039246712220494
2024/08/20 17:27:39,60940.7,0.7035990466640197
2024/08/20 17:28:39,60926.2,0.703264263097641
2024/08/20 17:29:39,60942.1,0.7036313748118767
2024/08/20 17:30:39,60929.5,0.7033404482173184
2024/08/20 17:31:39,60898.1,0.7026157024257658
2024/08/20 17:32:40,60897,0.7025903200150685
2024/08/20 17:33:40,60890,0.7024288063255633
2024/08/20 17:34:40,60910,0.7028903232686512
2024/08/20 17:35:40,60920.3,0.703128063621937
2024/08/20 17:36:41,60900,0.7026595458514199
2024/08/20 17:37:41,60894.1,0.7025234049482026
2024/08/20 17:38:41,60899.1,0.702638777742441
2024/08/20 17:39:41,60870,0.7019674409479738
2024/08/20 17:40:42,60886,0.7023365211248055
2024/08/20 17:41:42,60893.9,0.7025187902334683
2024/08/20 17:42:42,60865.7,0.7018682671881408
2024/08/20 17:43:42,60887.9,0.7023803558392325
2024/08/20 17:44:43,60877.6,0.7021427419370421
2024/08/20 17:45:43,60847.3,0.7014439748830625
2024/08/20 17:46:43,60850,0.701506227135883
2024/08/20 17:47:43,60846.7,0.7014301414242268
2024/08/20 17:48:43,60868.7,0.7019374574444912
2024/08/20 17:49:44,60850.2,0.7015108385237546
2024/08/20 17:50:44,60855.9,0.7016422694495326
2024/08/20 17:51:44,60866.6,0.7018890239069724
2024/08/20 17:52:44,60870,0.7019674409479738
2024/08/20 17:53:45,60845.2,0.7013955583739272
2024/08/20 17:54:45,60828.1,0.7010013718591648
2024/08/20 17:55:45,60842.4,0.7013310056277622
2024/08/20 17:56:45,60885.1,0.7023157577901397
2024/08/20 17:57:45,60885.6,0.7023272929381738
2024/08/20 17:58:46,60866.7,0.7018913302280104
2024/08/20 17:59:46,60872.2,0.7020181837203775
2024/08/20 18:00:46,60883.2,0.7022719250915338
2024/08/20 18:01:46,60880.2,0.7022027183524352
2024/08/20 18:02:46,60888,0.7023826629673569
2024/08/20 18:03:47,60866.2,0.7018797986607113
2024/08/20 18:04:47,60866.7,0.7018913302280104
2024/08/20 18:05:47,60830.4,0.7010543846488806
2024/08/20 18:06:47,60815.2,0.7007040764046802
2024/08/20 18:07:47,60800,0.700353855704712
2024/08/20 18:08:48,60793.2,0.7001972063658953
2024/08/20 18:09:48,60802.6,0.7004137556704678
2024/08/20 18:10:48,60777,0.6998240829444634
2024/08/20 18:11:48,60761.5,0.6994671752296415
2024/08/20 18:12:49,60794.8,0.7002340634575711
2024/08/20 18:13:49,60790,0.7001234950926016
2024/08/20 18:14:49,60794.8,0.7002340634575711
2024/08/20 18:15:49,60791.9,0.7001672606931614
2024/08/20 18:16:50,60816.5,0.7007340335547116
2024/08/20 18:17:50,60794.8,0.7002340634575711
2024/08/20 18:18:50,60787.3,0.7000613042238081
2024/08/20 18:19:50,60744,0.6990643243177996
2024/08/20 18:20:51,60749.9,0.6992001296587923
2024/08/20 18:21:51,60747.4,0.699142583412395
2024/08/20 18:22:51,60727.1,0.6986753955798688
2024/08/20 18:23:51,60740,0.6989722604026698
2024/08/20 18:24:51,60758.4,0.6993958046107603
2024/08/20 18:25:52,60763.6,0.6995155251371072
2024/08/20 18:26:52,60789.9,0.700121191677832
2024/08/20 18:27:52,60772.8,0.6997273634752756
2024/08/20 18:28:52,60797,0.7002847435424845
2024/08/20 18:29:53,60780.1,0.6998954754115111
2024/08/20 18:30:53,60751.4,0.6992346585433719
2024/08/20 18:31:53,60751.4,0.6992346585433719
2024/08/20 18:32:53,60731.9,0.6987858495431999
2024/08/20 18:33:53,60728.6,0.6987099115055982
2024/08/20 18:34:54,60730,0.6987421271388073
2024/08/20 18:35:54,60742.2,0.699022894805742
2024/08/20 18:36:54,60733.5,0.6988226694710153
2024/08/20 18:37:54,60728.5,0.6987076104173591
2024/08/20 18:38:55,60716.3,0.6984269060820679
2024/08/20 18:39:55,60697.2,0.6979875560004752
2024/08/20 18:40:55,60730.8,0.6987605364055138
2024/08/20 18:41:55,60737.9,0.6989239292741692
2024/08/20 18:42:56,60755.7,0.6993336460708875
2024/08/20 18:43:56,60752.9,0.6992691882805074
2024/08/20 18:44:56,60783.1,0.6999645683628115
2024/08/20 18:45:56,60790,0.7001234950926016
2024/08/20 18:46:56,60788.6,0.7000912476306379
2024/08/20 18:47:57,60771.8,0.6997043360154066
2024/08/20 18:48:57,60760,0.6994326406045187
2024/08/20 18:49:57,60750,0.699202431557907
2024/08/20 18:50:58,60758.9,0.6994073157546086
2024/08/20 18:51:58,60756.9,0.6993612717475866
2024/08/20 18:52:58,60759.7,0.6994257337818006
2024/08/20 18:53:58,60757.5,0.6993750847905493
2024/08/20 18:54:59,60750,0.699202431557907
2024/08/20 18:55:59,60766.7,0.699586901864078
2024/08/20 18:56:59,60758.9,0.6994073157546086
2024/08/20 18:57:59,60754.1,0.699296812684056
2024/08/20 18:58:59,60752.3,0.6992553762833464
2024/08/20 19:00:00,60725.1,0.6986293756717611
2024/08/20 19:01:00,60737.7,0.6989193263967001
2024/08/20 19:02:00,60731.8,0.6987835483299192
2024/08/20 19:03:00,60741.7,0.6990113868258235
2024/08/20 19:04:01,60745.1,0.6990896429573135
2024/08/20 19:05:01,60742.6,0.6990321012578812
2024/08/20 19:06:01,60721.9,0.6985557469713509
2024/08/20 19:07:01,60741.4,0.6990044820833423
2024/08/20 19:08:02,60712.2,0.6983325836799713
2024/08/20 19:09:02,60643.5,0.6967530558502819
2024/08/20 19:10:03,60660.4,0.6971414492437152
2024/08/20 19:11:03,60699,0.6980289548205195
2024/08/20 19:12:04,60625.9,0.6963486901947421
2024/08/20 19:13:04,60601.9,0.6957974716363848
2024/08/20 19:14:04,60598.7,0.6957239923189299
2024/08/20 19:15:04,60618.5,0.6961787078663663
2024/08/20 19:16:05,60644.5,0.6967760346955171
2024/08/20 19:17:05,60610.3,0.6959903733053812
2024/08/20 19:18:05,60633.5,0.6965232882381845
2024/08/20 19:19:05,60603.1,0.6958250273807625
2024/08/20 19:20:06,60574,0.6951569543977412
2024/08/20 19:21:06,60547.5,0.6945488509300937
2024/08/20 19:22:06,60516,0.6938263570968239
2024/08/20 19:23:06,60531.4,0.6941795293302632
2024/08/20 19:24:07,60525.1,0.6940350389186573
2024/08/20 19:25:07,60520,0.693918081505237
2024/08/20 19:26:07,60517.8,0.6938676323303608
2024/08/20 19:27:07,60560.1,0.6948379537370077
2024/08/20 19:28:08,60644.4,0.6967737367939426
2024/08/20 19:29:08,60636,0.6965807265888925
2024/08/20 19:30:08,60642.8,0.6967369708840709
2024/08/20 19:31:08,60650,0.6969024251173946
2024/08/20 19:32:08,60666.3,0.6972770676892915
2024/08/20 19:33:09,60661.5,0.6971667330383209
2024/08/20 19:34:09,60670,0.6973621232745
2024/08/20 19:35:09,60672.1,0.6974104003736896
2024/08/20 19:36:10,60711,0.6983049783282058
2024/08/20 19:37:10,60565.1,0.6949526937452897
2024/08/20 19:38:10,60580.6,0.6953084479708848
2024/08/20 19:39:10,60584.4,0.6953956790306366
2024/08/20 19:40:11,60501,0.6934824445604836
2024/08/20 19:41:11,60479.9,0.6929988185705598
2024/08/20 19:42:11,60476.2,0.6929140295019129
2024/08/20 19:43:11,60502.2,0.6935099544259848
2024/08/20 19:44:12,60500,0.6934595200893708
2024/08/20 19:45:12,60452.7,0.692375625437017
2024/08/20 19:46:12,60487.9,0.6931821640197159
2024/08/20 19:47:12,60478.8,0.6929736104677641
2024/08/20 19:48:13,60485.9,0.6931363253839443
2024/08/20 19:49:13,60480.1,0.6930034019112359
2024/08/20 19:50:13,60464,0.692634491485868
2024/08/20 19:51:13,60479.9,0.6929988185705598
2024/08/20 19:52:14,60493,0.6932990594011668
2024/08/20 19:53:14,60505.9,0.693594779946134
2024/08/20 19:54:14,60535.8,0.6942804521881573
2024/08/20 19:55:14,60514.1,0.6937827901266392
2024/08/20 19:56:15,60532.1,0.6941955847487803
2024/08/20 19:57:15,60514.3,0.6937873760590856
2024/08/20 19:58:15,60512.2,0.6937392245243331
2024/08/20 19:59:16,60516.3,0.6938332362171579
2024/08/20 20:00:16,60528.1,0.6941038420009418
2024/08/20 20:01:16,60574.8,0.695175316376012
2024/08/20 20:02:16,60562.4,0.6948907329642903
2024/08/20 20:03:17,60610.1,0.6959857800977909
2024/08/20 20:04:17,60608.7,0.6959536280690433
2024/08/20 20:05:17,60590.1,0.6955265358793536
2024/08/20 20:06:17,60592.3,0.6955770453242509
2024/08/20 20:07:18,60612.7,0.6960454929786736
2024/08/20 20:08:18,60619.9,0.6962108650938106
2024/08/20 20:09:18,60617.4,0.6961534419943809
2024/08/20 20:10:18,60645.8,0.6968059077607992
2024/08/20 20:11:19,60657,0.697063302231806
2024/08/20 20:12:19,60669.1,0.6973414336006666
2024/08/20 20:13:19,60672.1,0.6974104003736896
2024/08/20 20:14:19,60686.2,0.6977345898868439
2024/08/20 20:15:20,60661.7,0.6971713301411443
2024/08/20 20:16:20,60655.8,0.6970357219792872
2024/08/20 20:17:20,60672.4,0.6974172972385542
2024/08/20 20:18:20,60669.8,0.6973575255426797
2024/08/20 20:19:21,60614.1,0.6960776471293382
2024/08/20 20:20:21,60590.1,0.6955265358793536
2024/08/20 20:21:21,60657.2,0.6970678989936071
2024/08/20 20:22:21,60649.1,0.6968817422640087
2024/08/20 20:23:22,60681.9,0.6976357155977013
2024/08/20 20:24:22,60665.1,0.6972494832080951
2024/08/20 20:25:22,60712.1,0.6983302832131505
2024/08/20 20:26:22,60713.3,0.6983578890650822
2024/08/20 20:27:23,60731.4,0.6987743435146875
2024/08/20 20:28:23,60741.5,0.6990067836603802
2024/08/20 20:29:23,60716.6,0.6984338079713288
2024/08/20 20:30:23,60718.2,0.6984706186233357
2024/08/20 20:31:24,60725.7,0.6986431814850496
2024/08/20 20:32:24,60748.2,0.6991609979535807
2024/08/20 20:33:24,60718.2,0.6984706186233357
2024/08/20 20:34:24,60705.5,0.6981784607807664
2024/08/20 20:35:25,60702.8,0.6981163563611441
2024/08/20 20:36:25,60707.9,0.6982336670282717
2024/08/20 20:37:25,60688.8,0.6977943777396007
2024/08/20 20:38:25,60635.3,0.6965646436119788
2024/08/20 20:39:26,60630.1,0.6964451758817267
2024/08/20 20:40:26,60630,0.6964428785257879
2024/08/20 20:41:26,60668.5,0.6973276406552888
2024/08/20 20:42:26,60707.9,0.6982336670282717
2024/08/20 20:43:27,60710,0.6982819742852063
2024/08/20 20:44:27,60712,0.698327982750119
2024/08/20 20:45:27,60688.3,0.6977828798766793
2024/08/20 20:46:27,60704.1,0.6981462581442989
2024/08/20 20:47:28,60722,0.6985580478095071
2024/08/20 20:48:28,60708.6,0.6982497692615822
2024/08/20 20:49:28,60679.7,0.6975851314613266
2024/08/20 20:50:28,60684.1,0.6976863015680185
2024/08/20 20:51:29,60666,0.697270171517839
2024/08/20 20:52:29,60694.5,0.69792546007231
2024/08/20 20:53:29,60674.9,0.697474772438624
2024/08/20 20:54:30,60666.5,0.6972816651558721
2024/08/20 20:55:30,60656,0.6970403186501488
2024/08/20 20:56:30,60666.6,0.6972839638948461
2024/08/20 20:57:30,60682.8,0.6976564096366211
2024/08/20 20:58:30,60683.6,0.6976748045955444
2024/08/20 20:59:31,60686.4,0.6977391888615015
2024/08/20 21:00:31,60627.6,0.6963877431199965
2024/08/20 21:01:31,60555.1,0.6947232232015695
2024/08/20 21:02:31,60605.2,0.6958732512463598
2024/08/20 21:03:32,60602.8,0.6958181383935148
2024/08/20 21:04:32,60590.2,0.6955288317234267
2024/08/20 21:05:32,60580.5,0.6953061524905689
2024/08/20 21:06:32,60503.5,0.693539757396013
2024/08/20 21:07:33,60495,0.6933449034175134
2024/08/20 21:08:33,60500,0.6934595200893708
2024/08/20 21:09:33,60505.8,0.6935924872963041
2024/08/20 21:10:33,60514.9,0.6938011339473635
2024/08/20 21:11:34,60489.7,0.6932234200877954
2024/08/20 21:12:34,60515.9,0.6938240640642911
2024/08/20 21:13:34,60448.1,0.6922702601943607
2024/08/20 21:14:34,60467.4,0.6927123898545768
2024/08/20 21:15:35,60488.1,0.693186747966654
2024/08/20 21:16:35,60451.1,0.6923389757475696
2024/08/20 21:17:35,60443.9,0.6921740641490437
2024/08/20 21:18:35,60404.1,0.691262823877441
2024/08/20 21:19:36,60388,0.6908943770909333
2024/08/20 21:20:36,60436.2,0.6919977220925627
2024/08/20 21:21:36,60436.1,0.6919954320837614
2024/08/20 21:22:36,60466.8,0.6926986427653407
2024/08/20 21:23:37,60459.8,0.6925382701366912
2024/08/20 21:24:37,60490.6,0.6932440485822152
2024/08/20 21:25:37,60544.6,0.6944823199112555
2024/08/20 21:26:38,60566.3,0.6949802327568365
2024/08/20 21:27:38,60548.2,0.6945649106189686
2024/08/20 21:28:38,60491.7,0.6932692616033113
2024/08/20 21:29:38,60526.9,0.6940763203588013
2024/08/20 21:30:39,60559.8,0.6948310696377474
2024/08/20 21:31:39,60622,0.6962591023274848
2024/08/20 21:32:39,60588.4,0.6954875071098507
2024/08/20 21:33:39,60485.8,0.6931340334919419
2024/08/20 21:34:40,60461.9,0.6925863799757749
2024/08/20 21:35:40,60420.1,0.6916290794796416
2024/08/20 21:36:40,60391.1,0.6909653126258942
2024/08/20 21:37:40,60360,0.6902538340122668
2024/08/20 21:38:41,60462,0.6925886709621735
2024/08/20 21:39:41,60418.1,0.691583292224574
2024/08/20 21:40:41,60512.5,0.6937461032127054
2024/08/20 21:41:41,60644.4,0.6967737367939426
2024/08/20 21:42:42,60791.7,0.7001626537234238
2024/08/20 21:43:42,60701.1,0.6980772549955562
2024/08/20 21:44:42,60733.5,0.6988226694710153
2024/08/20 21:45:42,60728.6,0.6987099115055982
2024/08/20 21:46:43,60760,0.6994326406045187
2024/08/20 21:47:43,60771.2,0.6996905197213636
2024/08/20 21:48:43,60846,0.7014140025613246
2024/08/20 21:49:43,60833.9,0.701135060131379
2024/08/20 21:50:44,60778,0.6998471123746839
2024/08/20 21:51:44,60795.8,0.7002570996324563
2024/08/20 21:52:44,60839.3,0.7012595399811027
2024/08/20 21:53:45,60844.9,0.7013886418661741
2024/08/20 21:54:45,60832,0.7010912642935024
2024/08/20 21:55:45,60914.2,0.7029872610830962
2024/08/20 21:56:45,60896,0.7025672454941122
2024/08/20 21:57:46,60916.4,0.7030380407010726
2024/08/20 21:58:46,60875,0.7020827680831057
2024/08/20 21:59:46,60888,0.7023826629673569
2024/08/20 22:00:46,60850.1,0.7015085328279241
2024/08/20 22:01:47,60660.1,0.6971345537429401
2024/08/20 22:02:47,60708.1,0.6982382676474147
2024/08/20 22:03:47,60784.1,0.6999876001044057
2024/08/20 22:04:47,60738,0.6989262307185874
2024/08/20 22:05:47,60700.5,0.6980634547750345
2024/08/20 22:06:48,60694.9,0.6979346592947749
2024/08/20 22:07:48,60657,0.697063302231806
2024/08/20 22:08:48,60657.9,0.6970839877792687
2024/08/20 22:09:49,60598.1,0.6957102153788689
2024/08/20 22:10:49,60621.3,0.6962430230639256
2024/08/20 22:11:49,60467.1,0.6927055162929077
2024/08/20 22:12:49,60208.2,0.6867863464320457
2024/08/20 22:13:51,60256.9,0.6878978236672381
2024/08/20 22:14:51,60395.9,0.6910751554771353
2024/08/20 22:15:51,60175.6,0.6860428206824686
2024/08/20 22:16:51,60242,0.6875576664294692
2024/08/20 22:17:52,60120.6,0.6847893188775013
2024/08/20 22:18:52,60162.1,0.6857350368234906
2024/08/20 22:19:52,60121.8,0.6848166557764558
2024/08/20 22:20:52,59971.4,0.6813946824591045
2024/08/20 22:21:53,59971,0.6813855928942778
2024/08/20 22:22:53,59980.1,0.681592395493386
2024/08/20 22:23:53,60065.9,0.6835437912081253
2024/08/20 22:24:53,60050.8,0.6832001614986889
2024/08/20 22:25:53,59940,0.6806813360375286
2024/08/20 22:26:54,59864.8,0.6789744582588926
2024/08/20 22:27:54,59827.7,0.6781331576308293
2024/08/20 22:28:54,59869.8,0.6790878809735351
2024/08/20 22:29:54,60028,0.6826814671078476
2024/08/20 22:30:55,59864.8,0.6789744582588926
2024/08/20 22:31:55,59844.4,0.6785117917521243
2024/08/20 22:32:55,59802.7,0.6775665375927711
2024/08/20 22:33:55,59900.1,0.6797754252654461
2024/08/20 22:34:56,59990.3,0.6818242335053502
2024/08/20 22:35:56,59833.9,0.6782737160488054
2024/08/20 22:36:56,59862.8,0.6789290918254318
2024/08/20 22:37:56,59878.8,0.6792920657314577
2024/08/20 22:38:56,59730,0.6759201521944824
2024/08/20 22:39:57,59780.9,0.6770726382110648
2024/08/20 22:40:57,59762,0.6766445867765969
2024/08/20 22:41:57,59654.2,0.674205695875679
2024/08/20 22:42:57,59658.1,0.6742938535633138
2024/08/20 22:43:58,59660,0.6743368042681814
2024/08/20 22:44:58,59670.1,0.6745651441351768
2024/08/20 22:45:58,59664.7,0.6744430566255954
2024/08/20 22:46:58,59643.8,0.6739706368846793
2024/08/20 22:47:59,59777.2,0.6769888291270403
2024/08/20 22:48:59,59753.4,0.6764498568563525
2024/08/20 22:49:59,59736.1,0.6760582176044065
2024/08/20 22:50:59,59664.8,0.6744453174049906
2024/08/20 22:51:59,59607.8,0.6731572876153638
2024/08/20 22:53:00,59610,0.6732069782049199
2024/08/20 22:54:00,59665.1,0.6744520997659099
2024/08/20 22:55:00,59608.6,0.6731753567084652
2024/08/20 22:56:00,59591.6,0.672791440656482
2024/08/20 22:57:01,59492.5,0.6705556157043409
2024/08/20 22:58:01,59499.9,0.6707224407718163
2024/08/20 22:59:01,59517.3,0.6711147868740942
2024/08/20 23:00:02,59468.6,0.6700169575512541
2024/08/20 23:01:02,59192.9,0.6638188805771025
2024/08/20 23:02:02,59114,0.6620504116099352
2024/08/20 23:03:03,59106.2,0.661875710100305
2024/08/20 23:04:03,59076.8,0.6612174269999694
2024/08/20 23:05:04,59081.8,0.6613293567944513
2024/08/20 23:06:04,58944.7,0.6582636730661382
2024/08/20 23:07:04,58865.9,0.6565048548672638
2024/08/20 23:08:04,58905.8,0.657395129922746
2024/08/20 23:09:04,58931.5,0.6579688846433033
2024/08/20 23:10:05,58840.7,0.6559428866926436
2024/08/20 23:11:05,58788.1,0.6547706649403191
2024/08/20 23:12:05,58712.2,0.65308103686707
2024/08/20 23:13:06,58871.8,0.6566364615446046
2024/08/20 23:14:06,58846.1,0.656063288187619
2024/08/20 23:15:06,58806.1,0.6551716874701876
2024/08/20 23:16:06,59009.8,0.6597184816938689
2024/08/20 23:17:07,59108.9,0.6619361810909714
2024/08/20 23:18:07,59050,0.6606176447642723
2024/08/20 23:19:07,59006,0.6596335178569404
2024/08/20 23:20:07,59134.8,0.6625163950063869
2024/08/20 23:21:08,59095.1,0.6616271361596812
2024/08/20 23:22:08,59091.2,0.6615398104529593
2024/08/20 23:23:08,59051.8,0.6606579201202151
2024/08/20 23:24:08,59223.9,0.6645143617535942
2024/08/20 23:25:09,59170.2,0.6633098398229309
2024/08/20 23:26:09,59084,0.6613786089050201
2024/08/20 23:27:09,59002.1,0.6595463238189562
2024/08/20 23:28:09,59000.1,0.6595016111632733
2024/08/20 23:29:10,59017.5,0.6598906620345776
2024/08/20 23:30:10,59005.3,0.6596178672206111
2024/08/20 23:31:10,59036.5,0.6603156187270187
2024/08/20 23:32:10,59107,0.6618936271428985
2024/08/20 23:33:11,59084.2,0.6613830864605564
2024/08/20 23:34:11,59030.1,0.6601724601422889
2024/08/20 23:35:11,59060.4,0.660850363765853
2024/08/20 23:36:11,59062.3,0.660892884164903
2024/08/20 23:37:12,59119,0.6621624118823738
2024/08/20 23:38:12,59142.5,0.6626889400515764
2024/08/20 23:39:12,59118,0.6621400110700587
2024/08/20 23:40:12,59072.7,0.6611256516371301
2024/08/20 23:41:13,59044.6,0.6604968260625272
2024/08/20 23:42:13,59053.3,0.6606914838546455
2024/08/20 23:43:13,59050.1,0.6606198822518391
2024/08/20 23:44:13,58916.6,0.6576362103684983
2024/08/20 23:45:14,58938,0.6581140373582464
2024/08/20 23:46:14,58884.2,0.6569131016207389
2024/08/20 23:47:14,58849.3,0.6561346424355319
2024/08/20 23:48:14,58813.7,0.6553410449546392
2024/08/20 23:49:14,58758.2,0.654104793302177
2024/08/20 23:50:15,58756,0.654055812781825
2024/08/20 23:51:15,58777,0.6545234289100315
2024/08/20 23:52:15,58825.1,0.6555951222176751
2024/08/20 23:53:15,58883.2,0.6568907897773714
2024/08/20 23:54:16,58862.6,0.6564312501047295
2024/08/20 23:55:16,58840.2,0.6559317389649696
2024/08/20 23:56:16,58793,0.6548798200233245
2024/08/20 23:57:16,58763.5,0.6542227993593903
2024/08/20 23:58:17,58756.6,0.6540691709236787
2024/08/20 23:59:17,58807.9,0.6552117964754176
