Date,Price,AHR999
2024/10/17 00:00:23,67754.1,0.8087438835863727
2024/10/17 00:01:23,67805.2,0.8099642494903951
2024/10/17 00:02:24,67889.8,0.8119866820851884
2024/10/17 00:03:24,67840.2,0.8108006474458886
2024/10/17 00:04:24,67871.5,0.8115489917818115
2024/10/17 00:05:24,67795,0.8097205804519727
2024/10/17 00:06:25,67708.7,0.8076604164355659
2024/10/17 00:07:25,67664,0.8065943642576959
2024/10/17 00:08:25,67682.6,0.8070378709140491
2024/10/17 00:09:25,67833.5,0.8106405035759221
2024/10/17 00:10:26,67788.4,0.8095629317847254
2024/10/17 00:11:26,67864,0.81136964459945
2024/10/17 00:12:26,67779.5,0.8093503692486518
2024/10/17 00:13:26,67727.4,0.8081066023885872
2024/10/17 00:14:27,67714.5,0.8077987924803578
2024/10/17 00:15:27,67658.1,0.8064537075045818
2024/10/17 00:16:27,67620.2,0.8055504591178182
2024/10/17 00:17:27,67578.1,0.8045477079551058
2024/10/17 00:18:28,67550,0.8038787607588319
2024/10/17 00:19:28,67644,0.806117611385609
2024/10/17 00:20:28,67640.8,0.8060413440051738
2024/10/17 00:21:28,67586.8,0.8047548761241123
2024/10/17 00:22:29,67623.9,0.805638616746524
2024/10/17 00:23:29,67738.6,0.8083738957530544
2024/10/17 00:24:29,67740.1,0.8084096973276091
2024/10/17 00:25:29,67734.4,0.8082736555618868
2024/10/17 00:26:30,67668.8,0.806708805918655
2024/10/17 00:27:30,67699.9,0.8074504892092353
2024/10/17 00:28:30,67728,0.8081209205555079
2024/10/17 00:29:30,67680,0.80697586803113
2024/10/17 00:30:30,67670,0.8067374176023417
2024/10/17 00:31:31,67597.5,0.8050097057295904
2024/10/17 00:32:31,67641.7,0.8060627938412426
2024/10/17 00:33:31,67555,0.8039977701610538
2024/10/17 00:34:31,67518.1,0.8031196881478946
2024/10/17 00:35:32,67529.7,0.803395673066606
2024/10/17 00:36:32,67539.6,0.8036312494181108
2024/10/17 00:37:32,67539.8,0.8036360088921928
2024/10/17 00:38:32,67608.1,0.8052621935263563
2024/10/17 00:39:33,67631.8,0.8058268613415167
2024/10/17 00:40:33,67626,0.8056886543032009
2024/10/17 00:41:33,67642.8,0.8060890106951303
2024/10/17 00:42:33,67594.5,0.8049382541070518
2024/10/17 00:43:34,67595.6,0.804964452667114
2024/10/17 00:44:34,67570.2,0.8043596128360279
2024/10/17 00:45:34,67552.7,0.803943024741996
2024/10/17 00:46:34,67600.5,0.8050811605232469
2024/10/17 00:47:34,67630.7,0.8058006487510205
2024/10/17 00:48:35,67643.6,0.8061080777657408
2024/10/17 00:49:35,67650,0.8062606224486861
2024/10/17 00:50:35,67696.5,0.8073693882703633
2024/10/17 00:51:35,67727.2,0.8081018296944682
2024/10/17 00:52:36,67785.3,0.8094888899809708
2024/10/17 00:53:36,67772.8,0.809190368674444
2024/10/17 00:54:36,67801.3,0.8098710775883052
2024/10/17 00:55:36,67799.4,0.809825688090254
2024/10/17 00:56:37,67801.2,0.8098686886356439
2024/10/17 00:57:37,67801.1,0.8098662996865065
2024/10/17 00:58:37,67761.2,0.8089133901529673
2024/10/17 00:59:37,67799.4,0.809825688090254
2024/10/17 01:00:37,67763.9,0.8089778550581446
2024/10/17 01:01:38,67714,0.8077868630441202
2024/10/17 01:02:38,67700,0.8074528745926277
2024/10/17 01:03:38,67728.5,0.8081328524581702
2024/10/17 01:04:38,67744.3,0.8085099459539492
2024/10/17 01:05:39,67742.8,0.808474142159612
2024/10/17 01:06:39,67759.9,0.8088823524110194
2024/10/17 01:07:39,67783.2,0.8094387345538515
2024/10/17 01:08:39,67770.7,0.8091402224964178
2024/10/17 01:09:39,67700,0.8074528745926277
2024/10/17 01:10:40,67771.9,0.8091688772650227
2024/10/17 01:11:40,67786.4,0.8095151624914962
2024/10/17 01:12:40,67784.9,0.8094793364464834
2024/10/17 01:13:40,67782.8,0.8094291813153355
2024/10/17 01:14:41,67795.9,0.8097420791866756
2024/10/17 01:15:41,67838,0.8107480611474567
2024/10/17 01:16:41,67874,0.8116087785802618
2024/10/17 01:17:41,67862,0.8113218220314447
2024/10/17 01:18:42,67826.3,0.8104684263022973
2024/10/17 01:19:42,67781.2,0.8093909689250248
2024/10/17 01:20:42,67818,0.8102700821098844
2024/10/17 01:21:42,67851.3,0.8110659952327918
2024/10/17 01:22:43,67885,0.8118718666551643
2024/10/17 01:23:43,67877.1,0.8116829172687073
2024/10/17 01:24:43,67873,0.8115848635966217
2024/10/17 01:25:43,67921.9,0.8127547189488699
2024/10/17 01:26:43,67930.2,0.812953366994251
2024/10/17 01:27:44,67928.6,0.8129150715065648
2024/10/17 01:28:44,67884.6,0.8118622990691028
2024/10/17 01:29:45,67836.6,0.8107145980272765
2024/10/17 01:30:45,67927.4,0.8128863504827418
2024/10/17 01:31:45,67887.5,0.8119316653453059
2024/10/17 01:32:46,67937.4,0.8131257078511736
2024/10/17 01:33:46,67928.6,0.8129150715065648
2024/10/17 01:34:46,67971.2,0.8139349965703278
2024/10/17 01:35:47,67971.2,0.8139349965703278
2024/10/17 01:36:47,68028.1,0.8152982882590275
2024/10/17 01:37:47,67979.8,0.8141409745078974
2024/10/17 01:38:48,67977.4,0.8140834896713043
2024/10/17 01:39:48,67939.9,0.813185552698694
2024/10/17 01:40:48,67952.8,0.8134943871104683
2024/10/17 01:41:49,67963.2,0.8137434125823436
2024/10/17 01:42:49,68024,0.8152000164492834
2024/10/17 01:43:50,68054.6,0.8159336025711003
2024/10/17 01:44:50,68027.3,0.8152791128066632
2024/10/17 01:45:50,68034.3,0.8154469056607684
2024/10/17 01:46:50,68032.8,0.8154109485957455
2024/10/17 01:47:51,68000.2,0.8146296775606162
2024/10/17 01:48:51,68022,0.8151520811304288
2024/10/17 01:49:51,68060.2,0.8160678893399045
2024/10/17 01:50:51,68019.9,0.8151017505624825
2024/10/17 01:51:52,68062,0.8161110552907902
2024/10/17 01:52:52,68026,0.815247953177524
2024/10/17 01:53:52,67989.4,0.8143709341494215
2024/10/17 01:54:52,67909.1,0.8124484177368516
2024/10/17 01:55:53,67949.7,0.8134201657368922
2024/10/17 01:56:53,67936.9,0.8131137391459292
2024/10/17 01:57:53,67979.5,0.8141337887923342
2024/10/17 01:58:53,67979,0.814121812670198
2024/10/17 01:59:53,67948.9,0.8134010123836942
2024/10/17 02:00:54,67924.9,0.8128265166460463
2024/10/17 02:01:54,67958.9,0.8136404455066027
2024/10/17 02:02:55,67968,0.8138583602691138
2024/10/17 02:03:55,68021.4,0.8151377008096025
2024/10/17 02:04:55,68037.1,0.8155140276366031
2024/10/17 02:05:56,68018.1,0.8150586113124075
2024/10/17 02:06:56,67984.9,0.814263136524282
2024/10/17 02:07:56,67905,0.8123503178369179
2024/10/17 02:08:57,67902.3,0.8122857186983308
2024/10/17 02:09:57,67979.6,0.8141361840273318
2024/10/17 02:10:57,67947,0.8133555240736177
2024/10/17 02:11:58,67953.6,0.8135135415629869
2024/10/17 02:12:58,67958.9,0.8136404455066027
2024/10/17 02:13:58,67926,0.8128528432628859
2024/10/17 02:14:58,67911.6,0.8125082376558638
2024/10/17 02:15:59,67900,0.8122306918284893
2024/10/17 02:16:59,67889.5,0.8119795058829781
2024/10/17 02:17:59,67889.9,0.8119890741596386
2024/10/17 02:18:59,67903.6,0.812316821666645
2024/10/17 02:20:00,67925.5,0.812840876566016
2024/10/17 02:21:00,67945.3,0.8133148250848872
2024/10/17 02:22:00,67994.7,0.8144979049472443
2024/10/17 02:23:00,68007.1,0.8147950073671352
2024/10/17 02:24:00,68014,0.8149603539488659
2024/10/17 02:25:01,67991.4,0.8144188464952906
2024/10/17 02:26:01,67973.4,0.8139876861203501
2024/10/17 02:27:01,67944.5,0.8132956729719487
2024/10/17 02:28:02,67976.1,0.8140523528988765
2024/10/17 02:29:02,67982,0.8141936707243136
2024/10/17 02:30:02,68000,0.8146248856424774
2024/10/17 02:31:03,67999.8,0.8146200937384325
2024/10/17 02:32:03,68034.2,0.8154445084984356
2024/10/17 02:33:03,67964.5,0.8137745434459226
2024/10/17 02:34:03,67903.7,0.8123192142273332
2024/10/17 02:35:04,67908.1,0.8124244903858527
2024/10/17 02:36:04,67871,0.8115370346863812
2024/10/17 02:37:04,67873.9,0.8116063870660423
2024/10/17 02:38:04,67855,0.8111544541423371
2024/10/17 02:39:05,67816.7,0.810239018350678
2024/10/17 02:40:05,67842.7,0.8108604066732331
2024/10/17 02:41:05,67849.9,0.8110325255519213
2024/10/17 02:42:05,67818.3,0.8102772507542644
2024/10/17 02:43:06,67839.9,0.8107934764865928
2024/10/17 02:44:06,67840.1,0.8107982571226002
2024/10/17 02:45:06,67801,0.8098639107408919
2024/10/17 02:46:06,67846.9,0.8109608071326855
2024/10/17 02:47:07,67840.2,0.8108006474458886
2024/10/17 02:48:07,67867.9,0.811462902660806
2024/10/17 02:49:07,67850.6,0.8110492603060319
2024/10/17 02:50:07,67854.5,0.8111424999537646
2024/10/17 02:51:08,67837.7,0.8107408904207093
2024/10/17 02:52:08,67851.5,0.8110707766721486
2024/10/17 02:53:08,67880.7,0.8117690180594253
2024/10/17 02:54:08,67896.8,0.8121541358058799
2024/10/17 02:55:09,67843.2,0.8108723587829618
2024/10/17 02:56:09,67810,0.8100789299576525
2024/10/17 02:57:09,67803.1,0.8099140793387198
2024/10/17 02:58:09,67800,0.8098400214785393
2024/10/17 02:59:09,67846.9,0.8109608071326855
2024/10/17 03:00:10,67826,0.8104612568122859
2024/10/17 03:01:10,67819.5,0.8103059256488959
2024/10/17 03:02:10,67802,0.8098878003555908
2024/10/17 03:03:10,67758.8,0.8088560901713918
2024/10/17 03:04:11,67721.1,0.8079562692941704
2024/10/17 03:05:11,67722.7,0.8079944478028505
2024/10/17 03:06:11,67761.8,0.808927715465473
2024/10/17 03:07:12,67776.1,0.8092691729507487
2024/10/17 03:08:12,67813.2,0.8101553881125249
2024/10/17 03:09:12,67891.2,0.8120201714481288
2024/10/17 03:10:12,67915.7,0.8126063470902909
2024/10/17 03:11:12,67891.2,0.8120201714481288
2024/10/17 03:12:13,67890.6,0.8120058187794484
2024/10/17 03:13:13,67903.3,0.8123096440057205
2024/10/17 03:14:13,67911.6,0.8125082376558638
2024/10/17 03:15:13,67904.9,0.8123479252304242
2024/10/17 03:16:14,67926.9,0.8128743835392295
2024/10/17 03:17:14,67952.4,0.8134848099687717
2024/10/17 03:18:14,67884.5,0.8118599071813958
2024/10/17 03:19:14,67897.8,0.8121780591753643
2024/10/17 03:20:15,67911.7,0.8125106304984293
2024/10/17 03:21:15,67853.9,0.8111281550437519
2024/10/17 03:22:15,67862.1,0.811324213126372
2024/10/17 03:23:15,67870.6,0.8115274690734594
2024/10/17 03:24:15,67865.8,0.8114126861156798
2024/10/17 03:25:16,67856.5,0.8111903172365741
2024/10/17 03:26:16,67881.1,0.8117785850958267
2024/10/17 03:27:16,67898,0.8121828438915427
2024/10/17 03:28:16,67878,0.8117044420382858
2024/10/17 03:29:17,67842.5,0.8108556258540061
2024/10/17 03:30:17,67840.8,0.810814989459614
2024/10/17 03:31:17,67825.1,0.8104397485325191
2024/10/17 03:32:17,67813.4,0.8101601668670021
2024/10/17 03:33:18,67863.6,0.8113600799730983
2024/10/17 03:34:18,67871.1,0.8115394260984203
2024/10/17 03:35:18,67810.1,0.8100813192203788
2024/10/17 03:36:18,67778.5,0.8093264875617469
2024/10/17 03:37:19,67784.3,0.8094650062504568
2024/10/17 03:38:19,67764.2,0.8089850179839426
2024/10/17 03:39:19,67802,0.8098878003555908
2024/10/17 03:40:19,67783.1,0.8094363462389373
2024/10/17 03:41:19,67687,0.8071428042958928
2024/10/17 03:42:20,67687.1,0.8071451892247582
2024/10/17 03:43:20,67683.7,0.807064103620001
2024/10/17 03:44:20,67684.2,0.8070760277181906
2024/10/17 03:45:20,67712.8,0.8077582327565433
2024/10/17 03:46:20,67683.8,0.8070664884325922
2024/10/17 03:47:21,67723.9,0.8080230822763025
2024/10/17 03:48:21,67702.4,0.8075101248510786
2024/10/17 03:49:21,67697.1,0.8073836999047815
2024/10/17 03:50:21,67711.1,0.8077176740510101
2024/10/17 03:51:22,67731.9,0.8082139917323313
2024/10/17 03:52:22,67741.4,0.8084407260001603
2024/10/17 03:53:22,67780.2,0.8093670866391312
2024/10/17 03:54:22,67782,0.8094100750074292
2024/10/17 03:55:22,67833,0.8106285531750734
2024/10/17 03:56:23,67835.3,0.8106835257483342
2024/10/17 03:57:23,67809.9,0.8100765406984499
2024/10/17 03:58:23,67787.9,0.809550989329288
2024/10/17 03:59:23,67734.9,0.8082855885920577
2024/10/17 04:00:24,67730.1,0.8081710351386322
2024/10/17 04:01:24,67678.1,0.8069305597383548
2024/10/17 04:02:24,67731.7,0.8082092187211004
2024/10/17 04:03:24,67754.9,0.8087629820299069
2024/10/17 04:04:24,67765.1,0.8090065069516034
2024/10/17 04:05:25,67820.1,0.8103202632864789
2024/10/17 04:06:25,67750.1,0.8086483947512265
2024/10/17 04:07:25,67780.6,0.8093766395112072
2024/10/17 04:08:25,67764.7,0.808996956264075
2024/10/17 04:09:26,67837.3,0.8107313295010419
2024/10/17 04:10:26,67926.5,0.8128648100478421
2024/10/17 04:11:26,67942.2,0.8132406119033649
2024/10/17 04:12:27,67923.8,0.8128001904555465
2024/10/17 04:13:27,67908.3,0.8124292758278647
2024/10/17 04:14:28,67881.9,0.8117977193377555
2024/10/17 04:15:28,67898,0.8121828438915427
2024/10/17 04:16:28,67884.1,0.8118503396658037
2024/10/17 04:17:28,67851.6,0.8110731673971122
2024/10/17 04:18:29,67888,0.811943625347594
2024/10/17 04:19:29,67892.8,0.8120584458514064
2024/10/17 04:20:29,67900,0.8122306918284893
2024/10/17 04:21:29,67900,0.8122306918284893
2024/10/17 04:22:30,67914.2,0.8125704527076932
2024/10/17 04:23:30,67903.7,0.8123192142273332
2024/10/17 04:24:30,67848.9,0.8110086190598297
2024/10/17 04:25:30,67872.2,0.8115657318633992
2024/10/17 04:26:30,67885.3,0.8118790423817073
2024/10/17 04:27:31,67857.8,0.8112213992261833
2024/10/17 04:28:31,67864,0.81136964459945
2024/10/17 04:29:31,67878.8,0.8117235754063958
2024/10/17 04:30:31,67894.7,0.8121038978768501
2024/10/17 04:31:31,67865.5,0.8114055124503636
2024/10/17 04:32:32,67833.8,0.8106476738587127
2024/10/17 04:33:32,67839.5,0.8107839152568602
2024/10/17 04:34:32,67915.1,0.8125919892421185
2024/10/17 04:35:32,67906.3,0.8123814220419678
2024/10/17 04:36:33,67882,0.8118001111338524
2024/10/17 04:37:33,67904.1,0.8123287845053218
2024/10/17 04:38:33,67902.1,0.8122809336791346
2024/10/17 04:39:33,67926.7,0.812869596786489
2024/10/17 04:40:33,67938.8,0.8131592206944785
2024/10/17 04:41:34,67934.4,0.8130538969410067
2024/10/17 04:42:34,67925.2,0.8128336965901756
2024/10/17 04:43:34,67920.9,0.812730787087837
2024/10/17 04:44:34,67904.9,0.8123479252304242
2024/10/17 04:45:35,67901.4,0.8122641862229362
2024/10/17 04:46:35,67907.9,0.8124197049579343
2024/10/17 04:47:35,67916.2,0.8126183120606634
2024/10/17 04:48:35,67951.9,0.8134728386209296
2024/10/17 04:49:36,67928.7,0.812917464948119
2024/10/17 04:50:36,67870.9,0.8115346432778653
2024/10/17 04:51:36,67876.3,0.8116637843797886
2024/10/17 04:52:36,67897.8,0.8121780591753643
2024/10/17 04:53:36,67873.1,0.8115872550791304
2024/10/17 04:54:37,67790.7,0.809617868214292
2024/10/17 04:55:37,67694,0.8073097578256294
2024/10/17 04:56:37,67688.3,0.8071738086459719
2024/10/17 04:57:37,67699,0.807429020917262
2024/10/17 04:58:37,67683.7,0.807064103620001
2024/10/17 04:59:38,67656.1,0.8064060300328255
2024/10/17 05:00:48,67643,0.8062010892961177
2024/10/17 05:01:48,67649.8,0.8063631886400927
2024/10/17 05:02:48,67683.6,0.8071691595233492
2024/10/17 05:03:49,67663.3,0.8066850518008538
2024/10/17 05:04:49,67648.8,0.8063393494793322
2024/10/17 05:05:49,67672.1,0.8068948934750706
2024/10/17 05:06:49,67634.8,0.8060056382299837
2024/10/17 05:07:49,67664.9,0.8067232028027439
2024/10/17 05:08:50,67589.2,0.8049191718780409
2024/10/17 05:09:50,67628.2,0.8058483411681306
2024/10/17 05:10:50,67610.4,0.8054241922846224
2024/10/17 05:11:50,67611.3,0.8054456353347366
2024/10/17 05:12:51,67600,0.8051764266343817
2024/10/17 05:13:51,67588.1,0.8048929723111243
2024/10/17 05:14:51,67616,0.8055576203450494
2024/10/17 05:15:51,67638.2,0.8060866760404121
2024/10/17 05:16:51,67611.2,0.8054432527595168
2024/10/17 05:17:52,67588,0.8048905905534572
2024/10/17 05:18:52,67607.7,0.8053598648469122
2024/10/17 05:19:52,67600.2,0.8051811909989837
2024/10/17 05:20:52,67589,0.8049144082887042
2024/10/17 05:21:53,67577.8,0.8046476697826419
2024/10/17 05:22:53,67602.8,0.8052431290215203
2024/10/17 05:23:53,67600.5,0.805188337572316
2024/10/17 05:24:53,67567.8,0.8044095477559198
2024/10/17 05:25:54,67586,0.8048429561401427
2024/10/17 05:26:54,67563.9,0.8043166897171187
2024/10/17 05:27:54,67560.9,0.8042452641037732
2024/10/17 05:28:54,67572,0.8045095547149925
2024/10/17 05:29:55,67616.9,0.8055790651712254
2024/10/17 05:30:55,67600.8,0.8051954841773638
2024/10/17 05:31:55,67574.3,0.8045643230648152
2024/10/17 05:32:55,67582,0.8047476915422335
2024/10/17 05:33:55,67567,0.804390499516121
2024/10/17 05:34:56,67602,0.8052240709147088
2024/10/17 05:35:56,67623.1,0.8057268039521718
2024/10/17 05:36:56,67600,0.8051764266343817
2024/10/17 05:37:56,67586.8,0.8048620097363198
2024/10/17 05:38:57,67571.5,0.8044976487986628
2024/10/17 05:39:57,67566.8,0.8043857374914107
2024/10/17 05:40:57,67607.1,0.8053455702096242
2024/10/17 05:41:57,67593.3,0.8050168285657889
2024/10/17 05:42:57,67573.6,0.8045476542392681
2024/10/17 05:43:58,67561.9,0.8042690722891617
2024/10/17 05:44:58,67555.6,0.8041190866044208
2024/10/17 05:45:58,67550,0.803985777737507
2024/10/17 05:46:58,67533.4,0.8035906770997185
2024/10/17 05:47:58,67577.2,0.8046333814672892
2024/10/17 05:48:59,67573.6,0.8045476542392681
2024/10/17 05:49:59,67575,0.804580992063035
2024/10/17 05:50:59,67563.9,0.8043166897171187
2024/10/17 05:51:59,67552.5,0.804045289258998
2024/10/17 05:53:00,67540,0.8037477536761253
2024/10/17 05:54:00,67531.6,0.8035478406975197
2024/10/17 05:55:00,67533.9,0.8036025763029556
2024/10/17 05:56:00,67512,0.803081473777497
2024/10/17 05:57:01,67512.9,0.8031028856196593
2024/10/17 05:58:01,67548.8,0.8039572129895047
2024/10/17 05:59:01,67606.7,0.8053360405219101
2024/10/17 06:00:02,67588.9,0.8049120264993218
2024/10/17 06:01:02,67620.6,0.8056672302332615
2024/10/17 06:02:02,67587.8,0.8048858270486949
2024/10/17 06:03:03,67611.9,0.8054599308600559
2024/10/17 06:04:03,67637.8,0.8060771419689259
2024/10/17 06:05:03,67668.4,0.8068066612644893
2024/10/17 06:06:03,67672.4,0.8069020476495264
2024/10/17 06:07:04,67681.2,0.8071119175433996
2024/10/17 06:08:04,67677.8,0.8070308282130689
2024/10/17 06:09:04,67660.2,0.8066111368018766
2024/10/17 06:10:04,67661.4,0.8066397486578167
2024/10/17 06:11:05,67648.1,0.8063226622764741
2024/10/17 06:12:05,67643.3,0.8062082403941804
2024/10/17 06:13:05,67647.5,0.8063083590971715
2024/10/17 06:14:05,67648.9,0.8063417333795504
2024/10/17 06:15:06,67697.4,0.8074983402985836
2024/10/17 06:16:06,67718,0.8079898509534966
2024/10/17 06:17:06,67720,0.808037578398645
2024/10/17 06:18:06,67712.3,0.8078538354680953
2024/10/17 06:19:06,67709.9,0.8077965692152941
2024/10/17 06:20:07,67680,0.8070832973145944
2024/10/17 06:21:07,67680.5,0.8070952223482609
2024/10/17 06:22:07,67692.2,0.807374293286372
2024/10/17 06:23:07,67671.5,0.8068805852213046
2024/10/17 06:24:08,67672.4,0.8069020476495264
2024/10/17 06:25:08,67649.6,0.8063584207797492
2024/10/17 06:26:08,67674.3,0.8069473581575838
2024/10/17 06:27:08,67660.9,0.8066278269895062
2024/10/17 06:28:09,67662.2,0.8066588235103583
2024/10/17 06:29:09,67665.4,0.8067351251758412
2024/10/17 06:30:09,67691.7,0.8073623661912046
2024/10/17 06:31:09,67687.3,0.8072574115525302
2024/10/17 06:32:09,67689.7,0.8073146586915175
2024/10/17 06:33:10,67699.9,0.8075579816770092
2024/10/17 06:34:10,67738.1,0.8084695758793427
2024/10/17 06:35:10,67762.2,0.8090449561403236
2024/10/17 06:36:10,67752,0.8088014092229789
2024/10/17 06:37:10,67769.7,0.8092240581461241
2024/10/17 06:38:11,67779,0.8094461721622824
2024/10/17 06:39:11,67784.7,0.8095823216240965
2024/10/17 06:40:11,67790,0.8097089270099781
2024/10/17 06:41:11,67827.7,0.8106097830287413
2024/10/17 06:42:12,67835.2,0.8107890581477556
2024/10/17 06:43:12,67807.8,0.810134202452612
2024/10/17 06:44:12,67792.2,0.809761483096268
2024/10/17 06:45:12,67790.8,0.8097280381167434
2024/10/17 06:46:13,67799.5,0.8099358859654685
2024/10/17 06:47:13,67834.1,0.8107627632232094
2024/10/17 06:48:13,67785.9,0.8096109861275972
2024/10/17 06:49:13,67795.4,0.809837931357368
2024/10/17 06:50:14,67749.3,0.8087369470582585
2024/10/17 06:51:14,67743,0.8085865453309274
2024/10/17 06:52:14,67758.5,0.8089566064523848
2024/10/17 06:53:14,67750.3,0.8087608216345465
2024/10/17 06:54:14,67799.9,0.8099454428297541
2024/10/17 06:55:15,67800,0.8099478320546355
2024/10/17 06:56:15,67796.3,0.8098594330809684
2024/10/17 06:57:15,67767,0.8091595791405275
2024/10/17 06:58:15,67774.3,0.8093339171834546
2024/10/17 06:59:16,67798.8,0.80991916158864
2024/10/17 07:00:16,67814,0.810282358319232
2024/10/17 07:01:16,67742.3,0.8085698348912544
2024/10/17 07:02:16,67728.1,0.8082308889661443
2024/10/17 07:03:16,67721.6,0.8080757613696565
2024/10/17 07:04:17,67725.2,0.8081616763528334
2024/10/17 07:05:17,67744.1,0.8086128049421406
2024/10/17 07:06:17,67721.7,0.8080781478352979
2024/10/17 07:07:17,67721,0.8080614426498092
2024/10/17 07:08:17,67716.2,0.8079468974580484
2024/10/17 07:09:18,67728.2,0.8082332756608414
2024/10/17 07:10:18,67739.1,0.8084934465088256
2024/10/17 07:11:18,67743.1,0.8085889325506909
2024/10/17 07:12:18,67762.6,0.8090545077469015
2024/10/17 07:13:19,67751.6,0.8087918591105492
2024/10/17 07:14:19,67731.9,0.8083215858419661
2024/10/17 07:15:19,67731.8,0.8083191990168834
2024/10/17 07:16:19,67755.8,0.8088921381031617
2024/10/17 07:17:20,67769.3,0.8092145055387497
2024/10/17 07:18:20,67751.8,0.8087966341597163
2024/10/17 07:19:20,67673.9,0.8069378189975379
2024/10/17 07:20:20,67676,0.8069879002168006
2024/10/17 07:21:20,67693.7,0.8074100751004648
2024/10/17 07:22:21,67696.9,0.8074864122871933
2024/10/17 07:23:21,67673.6,0.8069306646645049
2024/10/17 07:24:21,67657.8,0.8065539146123355
2024/10/17 07:25:21,67636.6,0.8060485400927644
2024/10/17 07:26:22,67653.5,0.8064513965989661
2024/10/17 07:27:22,67640.2,0.806134347243588
2024/10/17 07:28:22,67625.6,0.8057863798735401
2024/10/17 07:29:22,67652.9,0.8064370922779094
2024/10/17 07:30:22,67670.6,0.8068591230785211
2024/10/17 07:31:23,67715.5,0.8079301936292737
2024/10/17 07:32:23,67725.4,0.8081664495413637
2024/10/17 07:33:23,67737.2,0.808448092614104
2024/10/17 07:34:24,67779.3,0.809453337637992
2024/10/17 07:35:24,67737.7,0.8084600277262193
2024/10/17 07:36:24,67732,0.8083239726705731
2024/10/17 07:37:24,67758.5,0.8089566064523848
2024/10/17 07:38:24,67775.3,0.8093578005695753
2024/10/17 07:39:25,67740,0.8085149303766566
2024/10/17 07:40:25,67698.1,0.8075150396625352
2024/10/17 07:41:25,67732.1,0.8083263595027039
2024/10/17 07:42:25,67707.9,0.8077488488884907
2024/10/17 07:43:26,67696.3,0.8074720987898152
2024/10/17 07:44:26,67669.1,0.8068233534748568
2024/10/17 07:45:26,67642.1,0.8061796361922229
2024/10/17 07:46:26,67658.6,0.8065729884499842
2024/10/17 07:47:26,67636.7,0.8060509235630625
2024/10/17 07:48:27,67635.8,0.8060294724572377
2024/10/17 07:49:27,67634.4,0.8059961046377518
2024/10/17 07:50:27,67606.1,0.8053217460960579
2024/10/17 07:51:27,67640.6,0.8061438816533725
2024/10/17 07:52:28,67641,0.8061534161195391
2024/10/17 07:53:28,67659.5,0.8065944467869198
2024/10/17 07:54:28,67659,0.8065825254533827
2024/10/17 07:55:28,67615.4,0.8055433239528421
2024/10/17 07:56:29,67637.1,0.8060604574794961
2024/10/17 07:57:29,67642,0.8061772525316319
2024/10/17 07:58:29,67640.8,0.806148648879408
2024/10/17 07:59:29,67618,0.8056052759019625
2024/10/17 08:00:29,67649.9,0.8063655725755501
2024/10/17 08:01:30,67649.9,0.8063655725755501
2024/10/17 08:02:30,67658.7,0.8065753726955477
2024/10/17 08:03:30,67666.5,0.8067613547067611
2024/10/17 08:04:30,67707.8,0.8077464629091521
2024/10/17 08:05:31,67749.9,0.808751271761744
2024/10/17 08:06:31,67754.9,0.8088706492242975
2024/10/17 08:07:31,67780.7,0.8094867769439844
2024/10/17 08:08:31,67714.9,0.8079158761991858
2024/10/17 08:09:31,67707.7,0.807744076933337
2024/10/17 08:10:32,67719.6,0.8080280327968496
2024/10/17 08:11:32,67712.5,0.8078586077474508
2024/10/17 08:12:32,67728.1,0.8082308889661443
2024/10/17 08:13:32,67713.8,0.8078896279068462
2024/10/17 08:14:33,67717.3,0.8079731466807064
2024/10/17 08:15:33,67737.7,0.8084600277262193
2024/10/17 08:16:33,67653.2,0.8064442444225799
2024/10/17 08:17:33,67586,0.8048429561401427
2024/10/17 08:18:33,67734.2,0.8083764837914765
2024/10/17 08:19:34,67693.4,0.8074029186742153
2024/10/17 08:20:34,67736.7,0.8084361575900869
2024/10/17 08:21:34,67742.9,0.808584158114688
2024/10/17 08:22:34,67765.4,0.8091213705716658
2024/10/17 08:23:35,67762.6,0.8090545077469015
2024/10/17 08:24:35,67681.7,0.8071238427885021
2024/10/17 08:25:35,67719,0.8080137144998742
2024/10/17 08:26:35,67708.9,0.8077727088756959
2024/10/17 08:27:36,67723.9,0.8081306509709693
2024/10/17 08:28:36,67753.1,0.8088276723228859
2024/10/17 08:29:36,67789.6,0.8096993715411701
2024/10/17 08:30:36,67810.3,0.8101939410915914
2024/10/17 08:31:37,67837.7,0.8108488209256767
2024/10/17 08:32:37,67889.8,0.8120947784371298
2024/10/17 08:33:37,67876.2,0.8117694458320821
2024/10/17 08:34:37,67901.3,0.8123699267196803
2024/10/17 08:35:37,67896.8,0.8122622544502269
2024/10/17 08:36:38,67923.8,0.8129083951064158
2024/10/17 08:37:38,67944,0.8133919720347256
2024/10/17 08:38:38,67921.8,0.8128605240257543
2024/10/17 08:39:38,67925,0.8129371184314078
2024/10/17 08:40:39,67914,0.8126738402796464
2024/10/17 08:41:39,67891.1,0.8121258798196593
2024/10/17 08:42:39,67879.3,0.8118435967936198
2024/10/17 08:43:39,67898.4,0.8123005371062577
2024/10/17 08:44:39,67887.7,0.8120445390003188
2024/10/17 08:45:40,67877.6,0.8118029329437514
2024/10/17 08:46:40,67815,0.8103062556953674
2024/10/17 08:47:40,67834.2,0.8107651536532755
2024/10/17 08:48:40,67829.5,0.8106528072495273
2024/10/17 08:49:41,67818.3,0.8103851195368444
2024/10/17 08:50:41,67824.6,0.8105356884360377
2024/10/17 08:51:41,67776.5,0.8093864610980794
2024/10/17 08:52:41,67758.8,0.8089637697608755
2024/10/17 08:53:41,67724.1,0.8081354240678776
2024/10/17 08:54:42,67720,0.808037578398645
2024/10/17 08:55:42,67705.1,0.8076820427990492
2024/10/17 08:56:42,67725.1,0.8081592897638543
2024/10/17 08:57:42,67726.6,0.8081950889685567
2024/10/17 08:58:43,67690,0.8073218147266105
2024/10/17 08:59:43,67716.9,0.8079636014594955
2024/10/17 09:00:43,67714,0.8078944002919197
2024/10/17 09:01:46,67680.1,0.8070856823142799
2024/10/17 09:02:46,67695.4,0.8074506287816128
2024/10/17 09:03:46,67791.8,0.809751927317354
2024/10/17 09:04:46,67799.9,0.8099454428297541
2024/10/17 09:05:47,67792.6,0.8097710389315655
2024/10/17 09:06:47,67812.8,0.8102536819330288
2024/10/17 09:07:47,67788.9,0.8096826496064269
2024/10/17 09:08:47,67755.2,0.8088778121522034
2024/10/17 09:09:48,67737.9,0.808464801795733
2024/10/17 09:10:48,67712.7,0.8078633800409022
2024/10/17 09:11:48,67683.8,0.8071739297799672
2024/10/17 09:12:48,67712.8,0.8078657661929137
2024/10/17 09:13:49,67730.5,0.8082881706114846
2024/10/17 09:14:49,67720.2,0.8080423512206862
2024/10/17 09:15:49,67698.5,0.8075245822337481
2024/10/17 09:16:49,67688.1,0.8072764937066609
2024/10/17 09:17:50,67657.1,0.8065372251893993
2024/10/17 09:18:50,67678.1,0.8070379829901176
2024/10/17 09:19:50,67699.6,0.8075508245953086
2024/10/17 09:20:50,67671.4,0.8068782005246772
2024/10/17 09:21:50,67659.4,0.8065920625131645
2024/10/17 09:22:51,67650,0.8063679565145319
2024/10/17 09:23:51,67636,0.8060342393449758
2024/10/17 09:24:51,67643.3,0.8062082403941804
2024/10/17 09:25:51,67643.3,0.8062082403941804
2024/10/17 09:26:52,67640,0.8061295800598398
2024/10/17 09:27:52,67643.3,0.8062082403941804
2024/10/17 09:28:52,67648.7,0.8063369655826377
2024/10/17 09:29:52,67629.2,0.805872173069589
2024/10/17 09:30:53,67617,0.8055814479473092
2024/10/17 09:31:53,67520,0.8032718112713547
2024/10/17 09:32:53,67531.9,0.8035549800185974
2024/10/17 09:33:53,67450.4,0.8016166304932852
2024/10/17 09:34:54,67445.3,0.801495412820532
2024/10/17 09:35:54,67448,0.8015595857408235
2024/10/17 09:36:54,67411.6,0.8006946558412136
2024/10/17 09:37:54,67460.9,0.8018662251511424
2024/10/17 09:38:55,67514,0.8031290560366016
2024/10/17 09:39:55,67526.9,0.8034359954745847
2024/10/17 09:40:55,67491.8,0.8026009719741695
2024/10/17 09:41:55,67536.8,0.8036715934190297
2024/10/17 09:42:56,67527,0.8034383750791287
2024/10/17 09:43:56,67550,0.803985777737507
2024/10/17 09:44:56,67595,0.8050573221004469
2024/10/17 09:45:56,67583.5,0.8047834151057119
2024/10/17 09:46:57,67586,0.8048429561401427
2024/10/17 09:47:57,67609.9,0.8054122796023413
2024/10/17 09:48:57,67587.7,0.8048834453015996
2024/10/17 09:49:57,67765,0.8091118185704079
2024/10/17 09:50:58,67819.7,0.8104185780835115
2024/10/17 09:51:58,67893,0.8121713367577085
2024/10/17 09:52:58,67805.1,0.8100696871963154
2024/10/17 09:53:58,67798.9,0.8099215507747578
2024/10/17 09:54:58,67781.6,0.8095082740054211
2024/10/17 09:55:59,67773.3,0.8093100341497269
2024/10/17 09:56:59,67820,0.8104257478619433
2024/10/17 09:57:59,67860.1,0.8113843936912966
2024/10/17 09:58:59,67856.9,0.8113078724706853
2024/10/17 09:59:59,67902.1,0.8123890692035459
2024/10/17 10:01:00,67884,0.8119560256785464
2024/10/17 10:02:00,67852,0.81119070634487
2024/10/17 10:03:00,67877.8,0.8118077168732297
2024/10/17 10:04:01,67846,0.8110472491426431
2024/10/17 10:05:01,67819,0.8104018487238415
2024/10/17 10:06:01,67813,0.8102584612954901
2024/10/17 10:07:01,67784,0.8095656008980626
2024/10/17 10:08:02,67806.8,0.8101103076137085
2024/10/17 10:09:02,67819.8,0.8104209680061316
2024/10/17 10:10:02,67816.2,0.8103349330118887
2024/10/17 10:11:03,67747.3,0.8086891989628622
2024/10/17 10:12:03,67743.9,0.8086080304356589
2024/10/17 10:13:03,67753.7,0.808841997829828
2024/10/17 10:14:04,67691,0.8073456684059751
2024/10/17 10:15:04,67686.2,0.807231173958851
2024/10/17 10:16:04,67666.9,0.8067708928237228
2024/10/17 10:17:05,67657.4,0.8065443777780852
2024/10/17 10:18:05,67620.4,0.8056624644308946
2024/10/17 10:19:05,67580,0.8047000613576388
2024/10/17 10:20:05,67534.1,0.8036073360089184
2024/10/17 10:21:05,67527.1,0.8034407546871967
2024/10/17 10:22:06,67555.1,0.8041071835777165
2024/10/17 10:23:06,67562,0.8042714531270823
2024/10/17 10:24:06,67536.4,0.8036620736406159
2024/10/17 10:25:06,67522.3,0.8033265374749374
2024/10/17 10:26:07,67560.4,0.8042333601432265
2024/10/17 10:27:07,67523.6,0.8033574705015629
2024/10/17 10:28:07,67560.8,0.8042428833046161
2024/10/17 10:29:07,67580.6,0.804714350265012
2024/10/17 10:30:08,67594.9,0.8050549400996283
2024/10/17 10:31:08,67588.6,0.8049048811523184
2024/10/17 10:32:08,67554.5,0.8040929000619608
2024/10/17 10:33:08,67534,0.8036049561541749
2024/10/17 10:34:09,67580.1,0.8047024428333913
2024/10/17 10:35:09,67626,0.8057959122253472
2024/10/17 10:36:09,67571.6,0.804500029974881
2024/10/17 10:37:09,67540.8,0.8037667943042285
2024/10/17 10:38:10,67523,0.8033431936460408
2024/10/17 10:39:10,67515,0.8031528476947437
2024/10/17 10:40:10,67490.1,0.802560540263394
2024/10/17 10:41:10,67427.2,0.8010652829116128
2024/10/17 10:42:11,67438.6,0.8013361800040816
2024/10/17 10:43:11,67457.1,0.8017758911699514
2024/10/17 10:44:11,67507.5,0.802974418848264
2024/10/17 10:45:11,67515.5,0.8031647436559625
2024/10/17 10:46:12,67527.2,0.8034431342987883
2024/10/17 10:47:12,67550.3,0.8039929190037964
2024/10/17 10:48:12,67551.8,0.8040286258109729
2024/10/17 10:49:12,67510.4,0.803043408985106
2024/10/17 10:50:12,67493.2,0.8026342694418545
2024/10/17 10:51:13,67445,0.8014882826546322
2024/10/17 10:52:13,67488.9,0.8025320008454223
2024/10/17 10:53:13,67495.5,0.8026889739239137
2024/10/17 10:54:13,67480.1,0.8023227272856048
2024/10/17 10:55:14,67475.2,0.8022062117906059
2024/10/17 10:56:14,67456,0.8017497428093063
2024/10/17 10:57:14,67465,0.8019636964694375
2024/10/17 10:58:14,67469.8,0.8020778167594407
2024/10/17 10:59:14,67489,0.8025343791108718
2024/10/17 11:00:15,67471.7,0.8021229916172169
2024/10/17 11:01:15,67470.1,0.802084949547147
2024/10/17 11:02:15,67473.3,0.8021610345894142
2024/10/17 11:03:15,67540,0.8037477536761253
2024/10/17 11:04:15,67490.2,0.8025629185711302
2024/10/17 11:05:16,67467.4,0.8020207555995463
2024/10/17 11:06:16,67466.9,0.8020088681133867
2024/10/17 11:07:16,67450.4,0.8016166304932852
2024/10/17 11:08:16,67453.9,0.8016998243957528
2024/10/17 11:09:17,67473.4,0.8021634123051298
2024/10/17 11:10:17,67469.6,0.8020730615852564
2024/10/17 11:11:17,67458.2,0.8018020399569918
2024/10/17 11:12:17,67467.4,0.8020207555995463
2024/10/17 11:13:18,67493.9,0.8026509184347062
2024/10/17 11:14:18,67511.8,0.8030767156291132
2024/10/17 11:15:18,67519.2,0.8032527765070759
2024/10/17 11:16:18,67508.7,0.8030029661316541
2024/10/17 11:17:18,67495.4,0.8026865954294086
2024/10/17 11:18:19,67494.4,0.8026628106781752
2024/10/17 11:19:19,67545.4,0.8038762822925463
2024/10/17 11:20:19,67573.5,0.8045452729925713
2024/10/17 11:21:19,67605.2,0.8053003046951445
2024/10/17 11:22:20,67616.9,0.8055790651712254
2024/10/17 11:23:20,67619,0.805629104209009
2024/10/17 11:24:20,67598.7,0.8051454586080526
2024/10/17 11:25:20,67556.8,0.8041476542279526
2024/10/17 11:26:20,67540.4,0.8037572739619853
2024/10/17 11:27:21,67540.4,0.8037572739619853
2024/10/17 11:28:21,67571.9,0.8045071735246785
2024/10/17 11:29:21,67580,0.8047000613576388
2024/10/17 11:30:21,67592,0.8049858636088056
2024/10/17 11:31:22,67563.2,0.8043000234569946
2024/10/17 11:32:22,67580,0.8047000613576388
2024/10/17 11:33:22,67545.6,0.8038810428090135
2024/10/17 11:34:22,67554.6,0.8040952806391103
2024/10/17 11:35:23,67559.9,0.8042214562707779
2024/10/17 11:36:23,67590.3,0.8049453718713536
2024/10/17 11:37:23,67610,0.8054146621317497
2024/10/17 11:38:23,67612.9,0.8054837570175033
2024/10/17 11:39:23,67619.1,0.8056314870590954
2024/10/17 11:40:24,67627.3,0.8058268927581148
2024/10/17 11:41:24,67635.9,0.8060318558993446
2024/10/17 11:42:24,67658.1,0.8065610672750243
2024/10/17 11:43:24,67638,0.8060819089976212
2024/10/17 11:44:25,67610.1,0.8054170446646822
2024/10/17 11:45:25,67630.1,0.8058936220821978
2024/10/17 11:46:25,67649.8,0.8063631886400927
2024/10/17 11:47:25,67692.3,0.8073766787159775
2024/10/17 11:48:26,67647.1,0.8062988237147822
2024/10/17 11:49:26,67655.3,0.8064943103233055
2024/10/17 11:50:26,67654.9,0.8064847738414488
2024/10/17 11:51:26,67629.5,0.8058793227087432
2024/10/17 11:52:26,67645.3,0.8062559151917681
2024/10/17 11:53:27,67643.2,0.806205856691302
2024/10/17 11:54:27,67600.1,0.8051788088149209
2024/10/17 11:55:27,67610.9,0.8054361050550018
2024/10/17 11:56:27,67606.1,0.8053217460960579
2024/10/17 11:57:28,67600.7,0.8051931019721571
2024/10/17 11:58:28,67600.6,0.8051907197704748
2024/10/17 11:59:28,67606.1,0.8053217460960579
2024/10/17 12:00:28,67581.7,0.8047405469246839
2024/10/17 12:01:28,67552.7,0.8040500502758634
2024/10/17 12:02:29,67575.9,0.8046024238858979
2024/10/17 12:03:29,67582.2,0.8047524546382195
2024/10/17 12:04:29,67560.4,0.8042333601432265
2024/10/17 12:05:29,67555.9,0.8041262284627304
2024/10/17 12:06:29,67530.2,0.8035145242851699
2024/10/17 12:07:30,67568.9,0.8044357394538936
2024/10/17 12:08:30,67538.8,0.8037191931568426
2024/10/17 12:09:30,67522.8,0.8033384347223917
2024/10/17 12:10:30,67509.2,0.8030148609828336
2024/10/17 12:11:31,67512.2,0.8030862319399766
2024/10/17 12:12:31,67488,0.8025105966149556
2024/10/17 12:13:31,67490.6,0.802572431837316
2024/10/17 12:14:31,67488,0.8025105966149556
2024/10/17 12:15:31,67532,0.8035573597993381
2024/10/17 12:16:32,67500.1,0.802798388480514
2024/10/17 12:17:32,67506.8,0.8029577665006281
2024/10/17 12:18:32,67495.1,0.8026794599670377
2024/10/17 12:19:32,67506,0.8029387354576228
2024/10/17 12:20:33,67560.5,0.8042357409282881
2024/10/17 12:21:33,67532.7,0.8035740183631921
2024/10/17 12:22:33,67520,0.8032718112713547
2024/10/17 12:23:33,67472.7,0.8021467683691221
2024/10/17 12:24:33,67458.6,0.8018115487125432
2024/10/17 12:25:34,67467.8,0.8020302656519048
2024/10/17 12:26:34,67470,0.8020825719477208
2024/10/17 12:27:34,67471.9,0.8021277469394065
2024/10/17 12:28:34,67462,0.8018923754111873
2024/10/17 12:29:35,67465.2,0.80196845131942
2024/10/17 12:30:35,67478.1,0.8022751689187668
2024/10/17 12:31:35,67466.1,0.8019898483187764
2024/10/17 12:32:35,67444.2,0.8014692690339524
2024/10/17 12:33:36,67442,0.8014169827399806
2024/10/17 12:34:36,67503.1,0.8028697498173196
2024/10/17 12:35:36,67499.9,0.8027936311708259
2024/10/17 12:36:36,67478.7,0.8022894362808128
2024/10/17 12:37:37,67477.1,0.8022513902639377
2024/10/17 12:38:37,67462,0.8018923754111873
2024/10/17 12:39:37,67430.1,0.801134190986625
2024/10/17 12:40:37,67422.1,0.8009441069340363
2024/10/17 12:41:37,67370.2,0.7997114844047893
2024/10/17 12:42:38,67347.1,0.7991631657651941
2024/10/17 12:43:38,67304.6,0.7981548456515632
2024/10/17 12:44:38,67296,0.7979508865423046
2024/10/17 12:45:38,67355.1,0.7993530383817967
2024/10/17 12:46:39,67343.2,0.7990706110418867
2024/10/17 12:47:39,67316.6,0.7984394833133185
2024/10/17 12:48:39,67310.1,0.7982852982808374
2024/10/17 12:49:39,67302,0.7980931808466077
2024/10/17 12:50:39,67280.1,0.7975738679893384
2024/10/17 12:51:40,67280.3,0.7975786098078163
2024/10/17 12:52:40,67278.6,0.7975383048000555
2024/10/17 12:53:40,67280.2,0.7975762388968152
2024/10/17 12:54:40,67260,0.7970973871258276
2024/10/17 12:55:41,67271.9,0.7973794655681686
2024/10/17 12:56:41,67325.6,0.7986529948608028
2024/10/17 12:57:41,67301.7,0.7980860658300963
2024/10/17 12:58:41,67286.1,0.7977161286753198
2024/10/17 12:59:41,67259.2,0.7970784256593576
2024/10/17 13:00:42,67264.4,0.7972016792227917
2024/10/17 13:01:42,67310.8,0.7983019021074383
2024/10/17 13:02:42,67304.8,0.7981595891967683
2024/10/17 13:03:42,67320,0.7985201398764725
2024/10/17 13:04:42,67342.3,0.7990492530207548
2024/10/17 13:05:43,67350.8,0.799250979047084
2024/10/17 13:06:43,67351.7,0.7992723397640247
2024/10/17 13:07:43,67351.7,0.7992723397640247
2024/10/17 13:08:43,67351.7,0.7992723397640247
2024/10/17 13:09:44,67356.7,0.7993910156114978
2024/10/17 13:10:44,67320.3,0.7985272568276234
2024/10/17 13:11:44,67320.3,0.7985272568276234
2024/10/17 13:12:44,67300.1,0.7980481196110066
2024/10/17 13:13:45,67301.7,0.7980860658300963
2024/10/17 13:14:45,67382.8,0.8000106465558938
2024/10/17 13:15:45,67383,0.8000153956125302
2024/10/17 13:16:45,67392.7,0.8002457417795661
2024/10/17 13:17:45,67404.9,0.8005355025916482
2024/10/17 13:18:46,67390.3,0.8001887458265301
2024/10/17 13:19:46,67407.6,0.8005996370728778
2024/10/17 13:20:46,67397.7,0.8003644898676678
2024/10/17 13:21:46,67388.4,0.8001436254699029
2024/10/17 13:22:46,67343.8,0.7990848498812188
2024/10/17 13:23:47,67327.6,0.7987004457476813
2024/10/17 13:24:47,67346.1,0.7991394332738885
2024/10/17 13:25:47,67347,0.7991607925002057
2024/10/17 13:26:47,67356.7,0.7993910156114978
2024/10/17 13:27:48,67351.3,0.7992628460768118
2024/10/17 13:28:48,67356.3,0.7993815212194981
2024/10/17 13:29:48,67343.7,0.7990824767325201
2024/10/17 13:30:48,67357.9,0.7994194991257941
2024/10/17 13:31:49,67398.1,0.8003739900953009
2024/10/17 13:32:49,67438.2,0.8013266740676768
2024/10/17 13:33:49,67424.9,0.8010106337870185
2024/10/17 13:34:49,67439.6,0.8013599450917682
2024/10/17 13:35:49,67444.1,0.8014668923472252
2024/10/17 13:36:50,67469.6,0.8020730615852564
2024/10/17 13:37:50,67460.3,0.8018519615526569
2024/10/17 13:38:50,67455,0.8017259719423694
2024/10/17 13:39:50,67431.5,0.8011674580145759
2024/10/17 13:40:51,67417.6,0.8008371945655167
2024/10/17 13:41:51,67425.3,0.8010201378486911
2024/10/17 13:42:51,67402.3,0.8004737458895657
2024/10/17 13:43:51,67402.3,0.8004737458895657
2024/10/17 13:44:52,67396.1,0.8003264895209656
2024/10/17 13:45:52,67409.8,0.8006518966977236
2024/10/17 13:46:52,67410,0.8006566476572838
2024/10/17 13:47:52,67401.6,0.8004571194921729
2024/10/17 13:48:52,67438.8,0.8013409329934272
2024/10/17 13:49:53,67360.6,0.7994835888883126
2024/10/17 13:50:53,67353.8,0.7993221825469259
2024/10/17 13:51:53,67325,0.7986387598696059
2024/10/17 13:52:53,67333.7,0.7988451796585372
2024/10/17 13:53:54,67358.1,0.7994242464275124
2024/10/17 13:54:54,67322.5,0.7985794487718101
2024/10/17 13:55:54,67309,0.7982592069021907
2024/10/17 13:56:54,67316.5,0.7984371111231298
2024/10/17 13:57:54,67378,0.7998966734253369
2024/10/17 13:58:55,67340.4,0.7990041648023976
2024/10/17 13:59:55,67354.2,0.7993316765865321
2024/10/17 14:00:55,67358.9,0.7994432357753407
2024/10/17 14:01:55,67376.2,0.7998539355945943
2024/10/17 14:02:56,67372.7,0.7997708375254875
2024/10/17 14:03:56,67327.3,0.7986933280247891
2024/10/17 14:04:56,67285,0.7976900465998563
2024/10/17 14:05:56,67266.7,0.7972561982613955
2024/10/17 14:06:56,67272.3,0.7973889480633705
2024/10/17 14:07:57,67321.1,0.7985462355190783
2024/10/17 14:08:57,67259.2,0.7970784256593576
2024/10/17 14:09:57,67266.1,0.7972419757237784
2024/10/17 14:10:57,67269.2,0.7973154602003244
2024/10/17 14:11:58,67278.2,0.7975288214168226
2024/10/17 14:12:58,67321.5,0.7985557249493801
2024/10/17 14:13:58,67312.6,0.7983445984544404
2024/10/17 14:14:58,67303.2,0.7981216412298076
2024/10/17 14:15:58,67363.3,0.799547681219778
2024/10/17 14:16:59,67428.5,0.8010961723718534
2024/10/17 14:17:59,67421.9,0.8009393551216837
2024/10/17 14:18:59,67411.1,0.8006827781868275
2024/10/17 14:19:59,67400.1,0.8004214920792092
2024/10/17 14:21:00,67435.5,0.8012625104717123
2024/10/17 14:22:00,67444.2,0.8014692690339524
2024/10/17 14:23:00,67391.6,0.8002196183824636
2024/10/17 14:24:00,67369.2,0.7996877437731985
2024/10/17 14:25:01,67368.1,0.7996616294854629
2024/10/17 14:26:01,67390.7,0.8001982450110787
2024/10/17 14:27:01,67405.9,0.8005592558036801
2024/10/17 14:28:02,67425.3,0.8010201378486911
2024/10/17 14:29:02,67421.1,0.8009203480132325
2024/10/17 14:30:02,67418.6,0.8008609522529438
2024/10/17 14:31:02,67451.9,0.8016522844943242
2024/10/17 14:32:03,67450,0.8016071228935845
2024/10/17 14:33:03,67458.5,0.8018091715183694
2024/10/17 14:34:03,67452.4,0.8016641693375338
2024/10/17 14:35:03,67431.1,0.8011579530789685
2024/10/17 14:36:04,67421.3,0.8009250997692016
2024/10/17 14:37:04,67355.3,0.7993577854861743
2024/10/17 14:38:04,67418,0.8008466975982004
2024/10/17 14:39:04,67473,0.8021539014634105
2024/10/17 14:40:05,67461.3,0.8018757342872783
2024/10/17 14:41:05,67489.8,0.802553405361328
2024/10/17 14:42:05,67481,0.8023441290105552
2024/10/17 14:43:05,67480,0.8023203493337855
2024/10/17 14:44:05,67468,0.8020350206992276
2024/10/17 14:45:06,67472.7,0.8021467683691221
2024/10/17 14:46:06,67498,0.8027484374318162
2024/10/17 14:47:06,67443,0.8014407490258045
2024/10/17 14:48:06,67451.6,0.8016451536306859
2024/10/17 14:49:07,67435.5,0.8012625104717123
2024/10/17 14:50:07,67443.4,0.801450255638804
2024/10/17 14:51:07,67414.4,0.8007611723338327
2024/10/17 14:52:07,67408.7,0.8006257666721025
2024/10/17 14:53:08,67398,0.8003716150331066
2024/10/17 14:54:08,67400,0.8004191169465363
2024/10/17 14:55:08,67367.6,0.7996497594956313
2024/10/17 14:56:08,67334.6,0.7988665349521452
2024/10/17 14:57:09,67326,0.7986624849254125
2024/10/17 14:58:09,67323.8,0.7986102902677972
2024/10/17 14:59:09,67245.6,0.7967561152357213
2024/10/17 15:00:09,67154.3,0.794594057024662
2024/10/17 15:01:10,67148.2,0.7944497087519009
2024/10/17 15:02:10,67177.2,0.795136071650996
2024/10/17 15:03:10,67255.1,0.7969812516834901
2024/10/17 15:04:10,67171.4,0.794998775362155
2024/10/17 15:05:11,67240,0.796623418123594
2024/10/17 15:06:11,67197.1,0.7956072300646196
2024/10/17 15:07:11,67160.4,0.7947384184099778
2024/10/17 15:08:11,67131,0.7940427645625889
2024/10/17 15:09:12,67126.2,0.7939292173486826
2024/10/17 15:10:12,67145.5,0.7943858210798982
2024/10/17 15:11:12,67160.1,0.7947313183631344
2024/10/17 15:12:12,67213.9,0.7960051005772567
2024/10/17 15:13:12,67211.8,0.7959553613239865
2024/10/17 15:14:13,67206.3,0.7958250992161555
2024/10/17 15:15:13,67200,0.7956759029910994
2024/10/17 15:16:13,67174.9,0.7950816251525553
2024/10/17 15:17:13,67129.2,0.7940001834059122
2024/10/17 15:18:14,67188,0.7953917583980639
2024/10/17 15:19:14,67126.1,0.7939268518680629
2024/10/17 15:20:14,67116.8,0.7937068775735125
2024/10/17 15:21:14,67138.1,0.7942107347033476
2024/10/17 15:22:14,67182.9,0.7952710123121338
2024/10/17 15:23:15,67207.9,0.7958629925480573
2024/10/17 15:24:15,67217.8,0.7960974775991894
2024/10/17 15:25:15,67200.2,0.7956806391642365
2024/10/17 15:26:15,67225,0.7962680338751629
2024/10/17 15:27:16,67244,0.7967182006474549
2024/10/17 15:28:16,67220,0.7961495900786848
2024/10/17 15:29:16,67203.3,0.7957540516503534
2024/10/17 15:30:16,67213.4,0.7959932577569493
2024/10/17 15:31:17,67190.9,0.7954604220248843
2024/10/17 15:32:17,67163.2,0.7948046870432387
2024/10/17 15:33:17,67194.2,0.7955385601017672
2024/10/17 15:34:17,67200.1,0.7956782710759062
2024/10/17 15:35:18,67219.2,0.7961306398888006
2024/10/17 15:36:18,67214.5,0.7960193120779155
2024/10/17 15:37:18,67213.7,0.796000363438562
2024/10/17 15:38:18,67228.8,0.7963580570525026
2024/10/17 15:39:18,67230.8,0.7964054397160362
2024/10/17 15:40:19,67227.8,0.7963343662493257
2024/10/17 15:41:19,67177.1,0.7951337043731702
2024/10/17 15:42:19,67222,0.7961969665400961
2024/10/17 15:43:19,67244.8,0.7967371578288223
2024/10/17 15:44:19,67236.4,0.7965381186728598
2024/10/17 15:45:20,67230.3,0.7963935939180053
2024/10/17 15:46:20,67180,0.7952023568608382
2024/10/17 15:47:20,67180.5,0.7952141937961773
2024/10/17 15:48:20,67218.9,0.796123533625739
2024/10/17 15:49:21,67250.1,0.7968627548518186
2024/10/17 15:50:21,67239.6,0.7966139401813143
2024/10/17 15:51:21,67231.7,0.7964267623744996
2024/10/17 15:52:21,67220.2,0.796154327661395
2024/10/17 15:53:21,67209.9,0.7959103604815506
2024/10/17 15:54:22,67250.2,0.7968651247021155
2024/10/17 15:55:22,67250,0.7968603850050453
2024/10/17 15:56:22,67256,0.7970025820487949
2024/10/17 15:57:22,67291.8,0.7978512880775571
2024/10/17 15:58:22,67300.2,0.7980504912232702
2024/10/17 15:59:23,67302.8,0.7981121543790248
2024/10/17 16:00:23,67311.5,0.7983185061067122
2024/10/17 16:01:23,67374.9,0.7998230700935749
2024/10/17 16:02:23,67396.1,0.8003264895209656
2024/10/17 16:03:24,67391.3,0.8002124938936198
2024/10/17 16:04:24,67385.1,0.8000652615582435
2024/10/17 16:05:24,67350.1,0.7992343653534701
2024/10/17 16:06:24,67334,0.7988522980580244
2024/10/17 16:07:24,67294.5,0.7979153149484411
2024/10/17 16:08:25,67278.6,0.7975383048000555
2024/10/17 16:09:25,67267,0.7972633095777771
2024/10/17 16:10:25,67225.7,0.7962846167096945
2024/10/17 16:11:25,67217.1,0.7960808967133929
2024/10/17 16:12:26,67213.8,0.7960027320061475
2024/10/17 16:13:26,67224.6,0.796258558047243
2024/10/17 16:14:26,67221.2,0.7961780157863827
2024/10/17 16:15:26,67221.3,0.7961803846182633
2024/10/17 16:16:26,67217.8,0.7960974775991894
2024/10/17 16:17:27,67262.3,0.797151902598211
2024/10/17 16:18:27,67272.5,0.7973936893321146
2024/10/17 16:19:27,67245.2,0.7967466365040802
2024/10/17 16:20:27,67250.2,0.7968651247021155
2024/10/17 16:21:28,67279.9,0.797569126184956
2024/10/17 16:22:28,67237.6,0.7965665513156585
2024/10/17 16:23:28,67224.1,0.7962467133416313
2024/10/17 16:24:28,67232,0.7964338699907515
2024/10/17 16:25:28,67247.3,0.7967964004742174
2024/10/17 16:26:29,67249.6,0.7968509056531923
2024/10/17 16:27:29,67239.4,0.7966092012313176
2024/10/17 16:28:29,67277.9,0.7975217089163992
2024/10/17 16:29:29,67299.8,0.7980410047953592
2024/10/17 16:30:30,67309,0.7982592069021907
2024/10/17 16:31:30,67328,0.7987099360942057
2024/10/17 16:32:30,67330.9,0.79877874279271
2024/10/17 16:33:30,67333,0.7988285701830713
2024/10/17 16:34:30,67330,0.798757388672572
2024/10/17 16:35:31,67333.5,0.7988404340764987
2024/10/17 16:36:31,67299.9,0.798043376397051
2024/10/17 16:37:31,67299.9,0.798043376397051
2024/10/17 16:38:31,67352.7,0.7992960742287326
2024/10/17 16:39:32,67362.1,0.7995191954219728
2024/10/17 16:40:32,67329.9,0.7987550160101762
2024/10/17 16:41:32,67325.9,0.7986601124039739
2024/10/17 16:42:32,67338.2,0.7989519589809622
2024/10/17 16:43:32,67338.3,0.7989543319358444
2024/10/17 16:44:33,67333.9,0.7988499252546712
2024/10/17 16:45:33,67374.4,0.7998111989056061
2024/10/17 16:46:33,67400.1,0.8004214920792092
2024/10/17 16:47:33,67395.1,0.8003027397623881
2024/10/17 16:48:33,67426.9,0.8010581546592086
2024/10/17 16:49:34,67442.7,0.801433619103056
2024/10/17 16:50:34,67421.4,0.800927475652472
2024/10/17 16:51:34,67425,0.801013009797151
2024/10/17 16:52:34,67426.9,0.8010581546592086
2024/10/17 16:53:35,67473.8,0.8021729232032322
2024/10/17 16:54:35,67464.9,0.8019613190497321
2024/10/17 16:55:35,67443.1,0.8014431256737687
2024/10/17 16:56:35,67454.5,0.8017140866410485
2024/10/17 16:57:35,67434.8,0.8012458758846992
2024/10/17 16:58:36,67465.7,0.8019803385060451
2024/10/17 16:59:36,67460.5,0.8018567160713896
2024/10/17 17:00:36,67454.8,0.8017212178112693
2024/10/17 17:01:36,67470,0.8020825719477208
2024/10/17 17:02:36,67512.4,0.803090990116552
2024/10/17 17:03:37,67503.6,0.802881643681798
2024/10/17 17:04:37,67524.7,0.8033836450661742
2024/10/17 17:05:37,67485.7,0.802455898211681
2024/10/17 17:06:37,67434.5,0.8012387468288382
2024/10/17 17:07:38,67434.3,0.8012339941425507
2024/10/17 17:08:38,67375.1,0.7998278185934302
2024/10/17 17:09:38,67381.4,0.7999774035541185
2024/10/17 17:10:38,67408.6,0.8006233912363716
2024/10/17 17:11:39,67423.3,0.8009726181041598
2024/10/17 17:12:39,67423.2,0.8009702421539343
2024/10/17 17:13:39,67416.5,0.8008110615163612
2024/10/17 17:14:39,67427.3,0.8010676590027955
2024/10/17 17:15:39,67429.4,0.8011175577316584
2024/10/17 17:16:40,67449.9,0.8016047460024689
2024/10/17 17:17:40,67487.2,0.8024915708719458
2024/10/17 17:18:40,67438.3,0.8013290505464922
2024/10/17 17:19:40,67428.3,0.8010914201084378
2024/10/17 17:20:40,67420.7,0.800910844543581
2024/10/17 17:21:41,67425.6,0.8010272659319465
2024/10/17 17:22:41,67398,0.8003716150331066
2024/10/17 17:23:41,67410.2,0.80066139863094
2024/10/17 17:24:41,67384.2,0.8000438902483595
2024/10/17 17:25:42,67410.2,0.80066139863094
2024/10/17 17:26:42,67355,0.7993506648348937
2024/10/17 17:27:42,67342.1,0.7990445068326
2024/10/17 17:28:42,67391.9,0.8002267429030223
2024/10/17 17:29:42,67368.1,0.7996616294854629
2024/10/17 17:30:43,67347.2,0.799165539033706
2024/10/17 17:31:43,67330.1,0.7987597613384917
2024/10/17 17:32:43,67353.8,0.7993221825469259
2024/10/17 17:33:43,67335.8,0.7988950091209712
2024/10/17 17:34:44,67332.6,0.7988190791317604
2024/10/17 17:35:44,67327.8,0.7987051909138956
2024/10/17 17:36:44,67328.2,0.7987146812886113
2024/10/17 17:37:44,67294,0.7979034579266833
2024/10/17 17:38:45,67289.7,0.797801491176265
2024/10/17 17:39:45,67315.5,0.7984133894150596
2024/10/17 17:40:45,67351.3,0.7992628460768118
2024/10/17 17:41:45,67309.1,0.7982615788280844
2024/10/17 17:42:46,67285.3,0.7976971598508776
2024/10/17 17:43:46,67307,0.7982117691243432
2024/10/17 17:44:46,67316.6,0.7984394833133185
2024/10/17 17:45:46,67314.8,0.7983967844290847
2024/10/17 17:46:46,67325.7,0.7986553673716691
2024/10/17 17:47:47,67279.5,0.7975596426184789
2024/10/17 17:48:47,67279.6,0.7975620135048125
2024/10/17 17:49:47,67270.1,0.7973367950375008
2024/10/17 17:50:47,67255,0.7969788816605202
2024/10/17 17:51:48,67250.4,0.7968698644132814
2024/10/17 17:52:48,67255.5,0.7969907318106084
2024/10/17 17:53:48,67290.6,0.7978228325150979
2024/10/17 17:54:48,67292.2,0.7978607733778093
2024/10/17 17:55:48,67273.8,0.7974245079225366
2024/10/17 17:56:49,67246.1,0.7967679637295612
2024/10/17 17:57:49,67250.2,0.7968651247021155
2024/10/17 17:58:49,67210.6,0.795926939591285
2024/10/17 17:59:49,67200.1,0.7956782710759062
2024/10/17 18:00:50,67183.9,0.795294687292851
2024/10/17 18:01:50,67249.2,0.7968414263577218
2024/10/17 18:02:50,67268.7,0.7973036076363419
2024/10/17 18:03:50,67266.7,0.7972561982613955
2024/10/17 18:04:50,67296.2,0.7979556294813932
2024/10/17 18:05:51,67288.8,0.7977801501228708
2024/10/17 18:06:51,67263.5,0.7971803461933935
2024/10/17 18:07:51,67296.2,0.7979556294813932
2024/10/17 18:08:51,67289.5,0.7977967486952875
2024/10/17 18:09:52,67282,0.7976189158339937
2024/10/17 18:10:52,67256.5,0.79701443237508
2024/10/17 18:11:52,67240.1,0.796625787617974
2024/10/17 18:12:52,67244,0.7967182006474549
2024/10/17 18:13:53,67219.4,0.796135377415128
2024/10/17 18:14:53,67215.9,0.7960524727394698
2024/10/17 18:15:53,67200.1,0.7956782710759062
2024/10/17 18:16:53,67195.5,0.7955693428220739
2024/10/17 18:17:53,67187.6,0.7953822877855647
2024/10/17 18:18:54,67173.4,0.7950461175709367
2024/10/17 18:19:54,67255.4,0.7969883617735428
2024/10/17 18:20:54,67256.5,0.79701443237508
2024/10/17 18:21:54,67232.9,0.7964551930297995
2024/10/17 18:22:55,67215.2,0.7960358923223563
2024/10/17 18:23:55,67207.9,0.7958629925480573
2024/10/17 18:24:55,67212.4,0.7959695723806293
2024/10/17 18:25:55,67180.2,0.7952070916244018
2024/10/17 18:26:55,67155,0.7946106224192486
2024/10/17 18:27:56,67123.2,0.793858254462993
2024/10/17 18:28:56,67126.4,0.7939339483204945
2024/10/17 18:29:56,67105.3,0.7934349084953085
2024/10/17 18:30:56,67124.9,0.7938984663754891
2024/10/17 18:31:56,67059.9,0.7923616770353002
2024/10/17 18:32:57,66908.2,0.7887808393257882
2024/10/17 18:33:57,66933.2,0.7893703995006539
2024/10/17 18:34:57,66830,0.7869381170481029
2024/10/17 18:35:57,66900.4,0.7885969416293823
2024/10/17 18:36:58,66939.3,0.7895142856095886
2024/10/17 18:37:58,66980,0.7904746482110505
2024/10/17 18:38:58,67019.8,0.7914143388095332
2024/10/17 18:39:58,67004.6,0.7910553961145993
2024/10/17 18:40:58,67004.8,0.7910601185162058
2024/10/17 18:41:59,67024.5,0.7915253441488241
2024/10/17 18:42:59,67034.2,0.7917544648857434
2024/10/17 18:43:59,67003,0.7910176174091931
2024/10/17 18:44:59,67010.1,0.7911852672949113
2024/10/17 18:46:00,66999.1,0.7909255355941847
2024/10/17 18:47:00,67077,0.7927658265254163
2024/10/17 18:48:00,67103,0.7933805202721494
2024/10/17 18:49:00,67100.7,0.7933261339131511
2024/10/17 18:50:01,67125.3,0.7939079281499644
2024/10/17 18:51:01,67131.1,0.794045130215882
2024/10/17 18:52:01,67098.7,0.7932788429423566
2024/10/17 18:53:01,67089,0.7930495017305629
2024/10/17 18:54:02,67130,0.794019108223478
2024/10/17 18:55:02,67182.6,0.7952639098866356
2024/10/17 18:56:02,67221.9,0.796194597683548
2024/10/17 18:57:03,67199.4,0.7956616945562623
2024/10/17 18:58:03,67265.7,0.7972324941025121
2024/10/17 18:59:03,67260,0.7970973871258276
2024/10/17 19:00:03,67237.9,0.7965736595556463
2024/10/17 19:01:04,67255.4,0.7969883617735428
2024/10/17 19:02:04,67260.5,0.797109238156899
2024/10/17 19:03:04,67202,0.7957232653567783
2024/10/17 19:04:04,67193.3,0.795517249336578
2024/10/17 19:05:05,67207.8,0.795860624188384
2024/10/17 19:06:05,67234,0.7964812549096022
2024/10/17 19:07:05,67277,0.7975003716054221
2024/10/17 19:08:05,67237.8,0.7965712901387932
2024/10/17 19:09:06,67177.1,0.7951337043731702
2024/10/17 19:10:06,67179,0.7951786832544547
2024/10/17 19:11:06,67178.6,0.7951692139105718
2024/10/17 19:12:06,67149.7,0.7944852030130524
2024/10/17 19:13:06,67121.9,0.7938275048641333
2024/10/17 19:14:07,67139.8,0.7942509555419666
2024/10/17 19:15:07,67080.4,0.7928461960148843
2024/10/17 19:16:07,67049.9,0.7921253800535316
2024/10/17 19:17:07,66955,0.789884675736012
2024/10/17 19:18:08,66975.9,0.7903778776268527
2024/10/17 19:19:08,66944.5,0.789636952973799
2024/10/17 19:20:08,66936.3,0.7894435203108279
2024/10/17 19:21:08,66991.8,0.7907531917309043
2024/10/17 19:22:09,66951,0.7897903005788179
2024/10/17 19:23:09,66940.1,0.7895331568915626
2024/10/17 19:24:09,66968.3,0.7901985136747711
2024/10/17 19:25:09,66943,0.7896015671793084
2024/10/17 19:26:10,66903.7,0.7886747418844183
2024/10/17 19:27:10,66913.8,0.7889128816629536
2024/10/17 19:28:10,66925.9,0.7891982251632231
2024/10/17 19:29:10,66880.4,0.7881255070398359
2024/10/17 19:30:10,66945,0.789648748414826
2024/10/17 19:31:11,66948.8,0.7897383966456835
2024/10/17 19:32:11,66900.6,0.7886016566871126
2024/10/17 19:33:11,66954,0.7898610814181235
2024/10/17 19:34:12,66907.8,0.7887714081531485
2024/10/17 19:35:12,66895.6,0.7884837844725835
2024/10/17 19:36:12,66923.1,0.7891321906741737
2024/10/17 19:37:12,66980.2,0.7904793688788819
2024/10/17 19:38:13,66990.4,0.790720141629227
2024/10/17 19:39:13,67004.2,0.7910459513536731
2024/10/17 19:40:13,66990,0.7907106988698952
2024/10/17 19:41:13,66992.6,0.7907720778133973
2024/10/17 19:42:14,66937.6,0.7894741848842297
2024/10/17 19:43:14,66906.3,0.7887360417579097
2024/10/17 19:44:14,66900.1,0.7885898690692172
2024/10/17 19:45:14,66898.4,0.7885497918273482
2024/10/17 19:46:14,66871.1,0.7879063379675236
2024/10/17 19:47:15,66877.9,0.7880665876272044
2024/10/17 19:48:15,66874.6,0.7879888173749352
2024/10/17 19:49:15,66866.1,0.7877885177310078
2024/10/17 19:50:15,66840.1,0.7871759945156298
2024/10/17 19:51:16,66889.6,0.788342349444128
2024/10/17 19:52:16,66881,0.7881396480265935
2024/10/17 19:53:16,66884.1,0.7882127118124821
2024/10/17 19:54:16,66851.1,0.787435109880457
2024/10/17 19:55:16,66883,0.7881867855653405
2024/10/17 19:56:17,66894.1,0.7884484245261423
2024/10/17 19:57:17,66892.3,0.7884059936370207
2024/10/17 19:58:17,66913.8,0.7889128816629536
2024/10/17 19:59:17,66912.8,0.7888893018636695
2024/10/17 20:00:18,66898.8,0.7885592216749893
2024/10/17 20:01:18,66850,0.7874091964251925
2024/10/17 20:02:18,66890.6,0.7883659210678872
2024/10/17 20:03:18,66928.2,0.7892524698460152
2024/10/17 20:04:19,66965.7,0.7901371569954783
2024/10/17 20:05:19,66969.5,0.7902268329455935
2024/10/17 20:06:19,67000.5,0.7909585899880122
2024/10/17 20:07:19,66990.7,0.7907272237357271
2024/10/17 20:08:20,66996.5,0.7908641506952355
2024/10/17 20:09:20,66970.1,0.7902409927712974
2024/10/17 20:10:20,66974.4,0.7903424752346372
2024/10/17 20:11:20,66961,0.7900262490436026
2024/10/17 20:12:20,66949.9,0.7897643483990525
2024/10/17 20:13:21,66945.8,0.7896676213037135
2024/10/17 20:14:21,66952.9,0.7898351280754603
2024/10/17 20:15:21,66881.1,0.7881420048700535
2024/10/17 20:16:21,66993.4,0.7907909641214219
2024/10/17 20:17:21,66982.6,0.7905360179923265
2024/10/17 20:18:22,66986,0.7906162743776376
2024/10/17 20:19:22,67025,0.7915371536855834
2024/10/17 20:20:22,67033.2,0.7917308426583047
2024/10/17 20:21:22,67077.4,0.7927752815480353
2024/10/17 20:22:23,67066.1,0.792508198861189
2024/10/17 20:23:23,67087.1,0.7930045831085343
2024/10/17 20:24:23,67041.5,0.7919269178218011
2024/10/17 20:25:23,67011.1,0.7912088813820647
2024/10/17 20:26:24,67010.2,0.7911876286877688
2024/10/17 20:27:24,67014.9,0.7912986181270736
2024/10/17 20:28:24,67001.7,0.7909869228753122
2024/10/17 20:29:24,67008,0.7911356788589299
2024/10/17 20:30:24,67021.3,0.7914497651997332
2024/10/17 20:31:25,67110,0.793546055443851
2024/10/17 20:32:25,67178.2,0.7951597446230714
2024/10/17 20:33:25,67082.4,0.7928934740880833
2024/10/17 20:34:25,67167.2,0.7948993613118746
2024/10/17 20:35:26,67056,0.792269517020692
2024/10/17 20:36:26,67053.7,0.7922151687554104
2024/10/17 20:37:26,67156,0.7946342875681925
2024/10/17 20:38:26,67175,0.7950839923528548
2024/10/17 20:39:27,67151.9,0.794537262696982
2024/10/17 20:40:27,67146.7,0.7944142152836342
2024/10/17 20:41:27,67154.8,0.7946058894317473
2024/10/17 20:42:27,67182,0.7952497051307849
2024/10/17 20:43:28,67126.2,0.7939292173486826
2024/10/17 20:44:28,67131.8,0.7940616898876013
2024/10/17 20:45:28,67087.6,0.7930164036752042
2024/10/17 20:46:28,67098.7,0.7932788429423566
2024/10/17 20:47:28,67067,0.7925294692843917
2024/10/17 20:48:29,67082,0.7928840183606778
2024/10/17 20:49:29,67050,0.7921277428489147
2024/10/17 20:50:29,67094.8,0.793186629603593
2024/10/17 20:51:29,67018,0.7913718281879014
2024/10/17 20:52:30,67028.7,0.791624546995698
2024/10/17 20:53:30,67028.7,0.791624546995698
2024/10/17 20:54:30,67020,0.7914190622824153
2024/10/17 20:55:30,67054.7,0.7922387982069121
2024/10/17 20:56:31,67060.2,0.792368766489201
2024/10/17 20:57:31,67088.9,0.7930471375608459
2024/10/17 20:58:31,67153.8,0.7945822247056752
2024/10/17 20:59:31,67180.6,0.7952165611938172
2024/10/17 21:00:32,67187.9,0.795389390739653
2024/10/17 21:01:32,67225,0.7962680338751629
2024/10/17 21:02:32,67207.6,0.7958558874796092
2024/10/17 21:03:32,67170.6,0.7949798388733231
2024/10/17 21:04:33,67150.1,0.7944946682832692
2024/10/17 21:05:33,67103.9,0.7934018023983341
2024/10/17 21:06:33,67121.7,0.7938227742094754
2024/10/17 21:07:33,67199.9,0.7956735349098166
2024/10/17 21:08:33,67151.3,0.7945230644322162
2024/10/17 21:09:34,67199.4,0.7956616945562623
2024/10/17 21:10:34,67150.1,0.7944946682832692
2024/10/17 21:11:34,67139.9,0.7942533215053651
2024/10/17 21:12:34,67140.7,0.7942722493394175
2024/10/17 21:13:35,67131,0.7940427645625889
2024/10/17 21:14:35,67132,0.7940664212540934
2024/10/17 21:15:35,67137.9,0.7942060029069352
2024/10/17 21:16:35,67105.1,0.7934301790105965
2024/10/17 21:17:36,67036.3,0.791804072710405
2024/10/17 21:18:36,67029.1,0.7916339952100784
2024/10/17 21:19:36,67029.9,0.7916528918079876
2024/10/17 21:20:36,67020.4,0.7914285092704668
2024/10/17 21:21:36,67064.9,0.7924798387409335
2024/10/17 21:22:37,67024.8,0.7915324298603079
2024/10/17 21:23:37,67022.7,0.7914828305459448
2024/10/17 21:24:37,67044.6,0.7920001569409814
2024/10/17 21:25:37,67015,0.7913009796890802
2024/10/17 21:26:38,66985.8,0.7906115533010301
2024/10/17 21:27:38,67016.4,0.7913340419271828
2024/10/17 21:28:38,67027.4,0.7915938406883564
2024/10/17 21:29:38,67023.2,0.79149463976555
2024/10/17 21:30:39,66908.9,0.7887973440135794
2024/10/17 21:31:39,66988.1,0.7906658465330483
2024/10/17 21:32:39,66922.2,0.7891109658894281
2024/10/17 21:33:39,66864.2,0.7877437483510698
2024/10/17 21:34:40,66845.2,0.7872961245193829
2024/10/17 21:35:40,66772,0.7855727839682103
2024/10/17 21:36:40,66706.1,0.7840229217541971
2024/10/17 21:37:40,66804.1,0.7863282787191173
2024/10/17 21:38:41,66766.6,0.785445727073114
2024/10/17 21:39:41,66897.5,0.7885285748763062
2024/10/17 21:40:41,67052.1,0.7921773623659862
2024/10/17 21:41:41,67082.8,0.792902929871872
2024/10/17 21:42:41,67104.6,0.7934183553604851
2024/10/17 21:43:42,67180.2,0.7952070916244018
2024/10/17 21:44:42,67178.2,0.7951597446230714
2024/10/17 21:45:42,67285.9,0.7977113864480654
2024/10/17 21:46:42,67232.9,0.7964551930297995
2024/10/17 21:47:43,67261.9,0.7971424215125824
2024/10/17 21:48:43,67318.9,0.7984940446602627
2024/10/17 21:49:43,67313.1,0.7983564587534562
2024/10/17 21:50:43,67215.6,0.7960453668252778
2024/10/17 21:51:44,67115.5,0.7936761309065653
2024/10/17 21:52:44,67160.5,0.7947407850993071
2024/10/17 21:53:44,67142,0.7943030075507697
2024/10/17 21:54:45,67149.9,0.7944899356411126
2024/10/17 21:55:45,67136.1,0.7941634173735338
2024/10/17 21:56:46,67057.6,0.7923073256090509
2024/10/17 21:57:46,67087,0.793002219005772
2024/10/17 21:58:46,67090.2,0.7930778720420324
2024/10/17 21:59:46,66994.4,0.7908145723236069
2024/10/17 22:00:47,67076.2,0.792746916649327
2024/10/17 22:01:47,66865.9,0.7877838051047914
2024/10/17 22:02:47,66835,0.7870558736776261
2024/10/17 22:03:47,66913.9,0.7889152396622635
2024/10/17 22:04:47,66958,0.7899554608040376
2024/10/17 22:05:48,66807.7,0.7864130297471904
2024/10/17 22:06:48,66801.8,0.7862741346199478
2024/10/17 22:07:48,66790.4,0.7860057957337624
2024/10/17 22:08:48,66776.6,0.7856810257246348
2024/10/17 22:09:49,66821.8,0.7867450152472105
2024/10/17 22:10:49,66716.9,0.7842768155663893
2024/10/17 22:11:49,66790.4,0.7860057957337624
2024/10/17 22:12:49,66911,0.7888468591129891
2024/10/17 22:13:50,66967,0.7901678350373523
2024/10/17 22:14:50,66993.4,0.7907909641214219
2024/10/17 22:15:50,66900,0.7885875115562098
2024/10/17 22:16:50,66891.6,0.7883894930440398
2024/10/17 22:17:51,66947.5,0.7897077269414351
2024/10/17 22:18:51,66934,0.7893892690629485
2024/10/17 22:19:51,66892,0.7883989219331708
2024/10/17 22:20:51,66980,0.7904746482110505
2024/10/17 22:21:51,67059.9,0.7923616770353002
2024/10/17 22:22:52,67066.2,0.7925105622274489
2024/10/17 22:23:52,67026.8,0.791579668747371
2024/10/17 22:24:52,66950.8,0.7897855819689634
2024/10/17 22:25:52,66935.9,0.789434085177287
2024/10/17 22:26:53,66880.1,0.7881184365940306
2024/10/17 22:27:53,66802.4,0.7862882589878364
2024/10/17 22:28:53,66762.2,0.7853422068302648
2024/10/17 22:29:53,66946.4,0.7896817761183842
2024/10/17 22:30:54,66885.1,0.7882362814980781
2024/10/17 22:31:54,67008,0.7911356788589299
2024/10/17 22:32:54,66994.5,0.7908169331632071
2024/10/17 22:33:54,67030.6,0.7916694265161651
2024/10/17 22:34:54,66947.4,0.7897053677580834
2024/10/17 22:35:55,66868.8,0.787852139564545
2024/10/17 22:36:55,66941,0.7895543873533643
2024/10/17 22:37:55,66937.1,0.789462390747058
2024/10/17 22:38:55,66985.6,0.7906068322385181
2024/10/17 22:39:56,67010.9,0.7912041585364423
2024/10/17 22:40:56,67056.6,0.7922836951356087
2024/10/17 22:41:56,67109.3,0.7935295011496537
2024/10/17 22:42:56,67055,0.7922458871110792
2024/10/17 22:43:57,67001,0.7909703952960516
2024/10/17 22:44:57,67009.7,0.79117582175872
2024/10/17 22:45:57,66977.2,0.7904085603414621
2024/10/17 22:46:57,67065.2,0.7924869287234243
2024/10/17 22:47:58,66990.5,0.7907225023278699
2024/10/17 22:48:58,66979.1,0.7904534053802438
2024/10/17 22:49:58,67085.6,0.7929691219371146
2024/10/17 22:50:58,67068.6,0.7925672840748729
2024/10/17 22:51:58,67089.7,0.7930660510172513
2024/10/17 22:52:59,67101.1,0.7933355922764589
2024/10/17 22:53:59,67162,0.7947762858621152
2024/10/17 22:54:59,67181.6,0.7952402353640297
2024/10/17 22:55:59,67276.4,0.7974861468900142
2024/10/17 22:57:00,67179.8,0.79519762211137
2024/10/17 22:58:00,67160.2,0.7947336850418917
2024/10/17 22:59:00,67122.3,0.7938369662157364
2024/10/17 23:00:00,67117,0.7937116078828249
2024/10/17 23:01:01,67068.9,0.7925743744485199
2024/10/17 23:02:01,67090.1,0.7930755078300284
2024/10/17 23:03:02,67052.9,0.7921962654479324
2024/10/17 23:04:02,67148.2,0.7944497087519009
2024/10/17 23:05:03,67044.5,0.7919977943358906
2024/10/17 23:06:03,67017.3,0.7913552965878332
2024/10/17 23:07:03,67105.9,0.7934490970340189
2024/10/17 23:08:03,67116,0.7936879564772201
2024/10/17 23:09:04,67170,0.7949656366547041
2024/10/17 23:10:04,67185.8,0.7953396707270575
2024/10/17 23:11:04,67100.1,0.7933119464739077
2024/10/17 23:12:04,67080.1,0.7928391044254802
2024/10/17 23:13:05,67030.3,0.7916623401915168
2024/10/17 23:14:05,67022.1,0.7914686595987085
2024/10/17 23:15:05,67014.5,0.7912891719142873
2024/10/17 23:16:05,67080,0.7928367405693932
2024/10/17 23:17:06,67142.8,0.794321935976843
2024/10/17 23:18:06,67159.1,0.7947076517693781
2024/10/17 23:19:06,67064.8,0.7924774754204847
2024/10/17 23:20:06,67075.9,0.7927398255039384
2024/10/17 23:21:06,67097.1,0.7932410111806142
2024/10/17 23:22:07,67138.4,0.7942178324243953
2024/10/17 23:23:07,67195.4,0.7955669748993682
2024/10/17 23:24:07,67193.8,0.7955290886153328
2024/10/17 23:25:07,67212.8,0.7959790464888704
2024/10/17 23:26:08,67251.4,0.796893563180547
2024/10/17 23:27:08,67240.7,0.7966400046582555
2024/10/17 23:28:08,67226.8,0.7963106757985422
2024/10/17 23:29:08,67271.1,0.7973605007469147
2024/10/17 23:30:09,67286.8,0.7977327265817133
2024/10/17 23:31:09,67254.5,0.7969670315985301
2024/10/17 23:32:09,67280,0.7975714970853852
2024/10/17 23:33:09,67245,0.7967418971594035
2024/10/17 23:34:10,67352.5,0.7992913273075997
2024/10/17 23:35:10,67422.7,0.800958362455667
2024/10/17 23:36:10,67468.2,0.802039775760646
2024/10/17 23:37:10,67634,0.8059865711019035
2024/10/17 23:38:11,67614.3,0.8055171142299504
2024/10/17 23:39:11,67578.5,0.8046643396442251
2024/10/17 23:40:11,67512.4,0.803090990116552
2024/10/17 23:41:11,67458.4,0.8018067943277194
2024/10/17 23:42:12,67499.9,0.8027936311708259
2024/10/17 23:43:12,67444.7,0.8014811525204476
2024/10/17 23:44:12,67468.6,0.8020492859257704
2024/10/17 23:45:12,67492.7,0.8026223774098213
2024/10/17 23:46:13,67485.7,0.802455898211681
2024/10/17 23:47:13,67520,0.8032718112713547
2024/10/17 23:48:13,67571.5,0.8044976487986628
2024/10/17 23:49:13,67516,0.8031766397052794
2024/10/17 23:50:14,67509.3,0.8030172399636415
2024/10/17 23:51:14,67507,0.8029625242966187
2024/10/17 23:52:14,67518,0.8032242247835303
2024/10/17 23:53:14,67551.3,0.8040167234538156
2024/10/17 23:54:15,67560.2,0.8042285985836753
2024/10/17 23:55:15,67559.5,0.8042119332362503
2024/10/17 23:56:15,67552.5,0.804045289258998
2024/10/17 23:57:15,67490.3,0.8025652968823908
2024/10/17 23:58:16,67545,0.8038667613018998
2024/10/17 23:59:16,67555.7,0.8041214672203333
